"p_val","avg_log2FC","pct.1","pct.2","p_val_adj","cluster","gene"
0,1.93373808032958,0.853,0.43,0,"0","Cntn5"
3.99163639766554e-306,2.32415473248213,0.791,0.438,7.22845435253253e-302,"0","Il1rapl2"
2.26490368977419e-257,1.2283707930872,0.983,0.887,4.10151409181208e-253,"0","Lrp1b"
7.65477053360057e-238,1.39205770570265,0.878,0.609,1.38620239592973e-233,"0","Kcnip4"
3.95614940503286e-200,1.21818064444611,0.852,0.527,7.164190957574e-196,"0","Zfp804a"
5.98684372779233e-177,1.11386600010242,0.844,0.523,1.08415753066591e-172,"0","Arpp21"
1.30411103464177e-138,1.64321673319468,0.545,0.251,2.36161467263279e-134,"0","Egfem1"
2.68009621689253e-136,1.01471981078111,0.765,0.466,4.85338623917069e-132,"0","Asic2"
1.30371007593731e-131,2.48387107825876,0.32,0.085,2.36088857651487e-127,"0","Stk31"
1.61897887856511e-82,1.47781840158389,0.369,0.156,2.93180885119356e-78,"0","Pde8b"
1.60353190140362e-76,1.39178913896249,0.37,0.162,2.90383592025181e-72,"0","Lmo7"
4.84720526652688e-68,2.2448951656597,0.201,0.06,8.77780401715353e-64,"0","Prkd1"
9.32926875622102e-63,1.50926592383042,0.259,0.099,1.68943727906406e-58,"0","Nell2"
4.64978967777947e-43,1.05024631575534,0.344,0.19,8.42030412749084e-39,"0","Csmd2"
3.79514820899134e-42,1.55442428223628,0.175,0.065,6.87263389166242e-38,"0","Cftr"
2.09604375910205e-41,1.88616510728281,0.147,0.049,3.7957256433579e-37,"0","Fyb"
4.16547959838822e-41,1.51445761449099,0.176,0.067,7.54326700472124e-37,"0","Adamts3"
2.75302976121518e-36,1.20489329508266,0.224,0.106,4.98546159458456e-32,"0","Htr4"
3.00457390389812e-36,1.41094902254475,0.171,0.068,5.4409828825691e-32,"0","Sntg2"
4.48308711260031e-33,1.0671466593781,0.277,0.153,8.11842245220791e-29,"0","Nell1"
5.19158537008604e-31,1.44247013138004,0.162,0.069,9.4014419466888e-27,"0","Ptpro"
5.6210759676895e-31,1.20385934756371,0.205,0.099,1.01792064698889e-26,"0","Cxcl14"
1.06153646086358e-30,1.25662445824181,0.162,0.069,1.92233637697785e-26,"0","Sema6a"
1.90115918178083e-26,1.71040565879558,0.089,0.028,3.44280916228691e-22,"0","Nts"
5.95457528966812e-26,1.25643979327632,0.191,0.098,1.078314039206e-21,"0","Rps6ka5"
9.58144928473659e-26,1.29549427473522,0.129,0.053,1.73510465097295e-21,"0","Cdh9"
7.70729554547897e-25,1.54688517936295,0.096,0.033,1.39571415033079e-20,"0","Gucy1a3"
1.04135307669129e-24,1.77857716143716,0.075,0.022,1.88578628658025e-20,"0","C230014O12Rik"
9.87461990783369e-22,1.05233797386402,0.225,0.131,1.7881949191096e-17,"0","Lrrk2"
4.48730045192338e-21,1.74331183161797,0.089,0.033,8.12605238838805e-17,"0","Kynu"
7.73586499726237e-21,1.21282526468184,0.128,0.059,1.40088779235424e-16,"0","Fbn2"
2.88489270891929e-19,1.68056895763284,0.097,0.04,5.22425220658193e-15,"0","Penk"
5.04607365410862e-19,1.02684821459922,0.147,0.076,9.13793478022531e-15,"0","Tmem56"
1.9172383040377e-17,1.01237434604586,0.147,0.078,3.47192684478187e-13,"0","Gabra5"
3.8439379138454e-17,1.07568893615332,0.128,0.064,6.96098716818263e-13,"0","Kcnip3"
7.59996771656663e-16,1.43999172259619,0.067,0.025,1.37627815379305e-11,"0","Hpcal1"
9.07402718625299e-16,1.37761484737004,0.083,0.035,1.64321558315855e-11,"0","Ipcef1"
3.1019377128892e-15,2.26535926821942,0.032,0.007,5.61729900427105e-11,"0","C030005K15Rik"
4.58879257116617e-15,1.51661899216271,0.064,0.024,8.30984446712481e-11,"0","D930020B18Rik"
2.06236029809942e-14,1.34329097831451,0.091,0.043,3.73472826382825e-10,"0","Rmst"
2.96410728840873e-14,1.55832805065224,0.267,0.194,5.36770188857937e-10,"0","Adarb2"
6.21020785896295e-14,1.07923663957088,0.114,0.06,1.1246065411796e-09,"0","Junb"
6.79209292405636e-14,2.01561635873801,0.035,0.009,1.22998010761737e-09,"0","Cdcp1"
4.99705593324007e-13,1.39524852188566,0.059,0.024,9.04916858950444e-09,"0","Gm5441"
1.05769829508498e-12,1.09959475137737,0.098,0.051,1.91538584256939e-08,"0","Nox4"
1.11890040003521e-12,1.06857861487123,0.09,0.044,2.02621673442376e-08,"0","Lncenc1"
1.39219822618121e-12,1.52736446406422,0.064,0.027,2.52113176779156e-08,"0","Gdpd2"
3.55039156500346e-12,1.4566490665498,0.051,0.019,6.42940408506477e-08,"0","Ppp1r1b"
7.7169763147404e-12,2.46787632197306,0.022,0.004,1.39746724083634e-07,"0","Gm43248"
3.59447722207383e-11,1.37948120602734,0.043,0.015,6.5092388014535e-07,"0","Rprm"
2.73343207234625e-156,5.76561317066533,1,0.263,4.94997213981183e-152,"1","Fam19a1"
2.95089133726847e-90,3.10537670652077,0.927,0.352,5.34376912265947e-86,"1","Zbtb20"
2.53829986085428e-84,2.6242715528524,0.874,0.252,4.59660721802102e-80,"1","Zfp804b"
1.2842200463585e-81,2.32366768829503,0.947,0.319,2.3255940819506e-77,"1","Egfem1"
1.51834722214117e-79,2.13632279908647,0.993,0.798,2.74957498457545e-75,"1","Pcdh15"
8.35023791267076e-71,4.03042963001868,0.212,0.014,1.51214458360555e-66,"1","Gpr149"
3.65139326089676e-70,3.36020977428572,0.338,0.038,6.61230805615793e-66,"1","Nts"
1.13623120886911e-67,2.18049286217738,0.94,0.373,2.05760109614108e-63,"1","Pbx3"
2.2300667774626e-63,4.68250632659837,0.126,0.005,4.03842792730703e-59,"1","Chodl"
2.67218770617337e-60,2.44854863195685,0.815,0.321,4.83906471710936e-56,"1","Nebl"
1.91482788624246e-56,2.03116620329986,0.894,0.394,3.46756181919648e-52,"1","Alcam"
5.40788212403405e-56,2.42016991056886,0.523,0.108,9.79313373841327e-52,"1","Runx1t1"
3.81708918137713e-41,1.73649786475474,0.854,0.433,6.91236679855585e-37,"1","Enox1"
1.66059350508601e-40,1.83633129694638,0.709,0.26,3.00716877836025e-36,"1","Ntng1"
7.57184861474805e-40,2.2117934260978,0.556,0.165,1.37118606564472e-35,"1","Sv2c"
1.20210657638226e-39,1.22793063661448,0.98,0.746,2.17689479917063e-35,"1","Meis2"
2.09528148442212e-39,3.22680742683741,0.212,0.026,3.79434524014002e-35,"1","Sulf1"
5.47972606726069e-38,2.23410503634788,0.51,0.142,9.92323593520239e-34,"1","Stk31"
1.65127026818889e-36,1.31351492557657,0.967,0.699,2.99028532866326e-32,"1","Pbx1"
6.54215338138772e-36,3.55527113830227,0.166,0.018,1.1847185558355e-31,"1","Cartpt"
9.62110411094757e-34,3.01810160097776,0.344,0.078,1.7422857434515e-29,"1","Adgrg4"
5.97392871197896e-33,1.16393283465765,0.94,0.608,1.08181875045227e-28,"1","Grm8"
2.79627841777982e-32,2.02584733568521,0.563,0.196,5.06378058675747e-28,"1","Pcdh11x"
6.40311431756128e-32,3.68028166148386,0.113,0.009,1.15953997176717e-27,"1","Col12a1"
2.71867805206078e-31,1.7629493191537,0.649,0.269,4.92325408447687e-27,"1","Slc35f4"
9.32023879495175e-31,6.71492780429075,0.026,0,1.68780204337781e-26,"1","Tnfsf11"
1.25360750302175e-30,5.80803720868223,0.04,0.001,2.27015782722208e-26,"1","Dapp1"
2.21141008589167e-29,1.34221753147952,0.629,0.239,4.00464252454122e-25,"1","Sst"
4.73661896407871e-29,1.20324449585929,0.901,0.541,8.57754328205014e-25,"1","Asic2"
1.53706595588702e-28,1.22965367190659,0.934,0.625,2.7834727395158e-24,"1","Sorcs1"
2.34917201879121e-28,1.97834111887023,0.417,0.122,4.25411560882901e-24,"1","Thsd7b"
6.23956066292585e-28,2.15277115011464,0.377,0.102,1.12992204044924e-23,"1","Gm15398"
8.18878174179561e-28,1.40521088688999,0.868,0.556,1.48290648562177e-23,"1","Slc2a13"
4.03349792521532e-27,1.0186921236203,0.967,0.846,7.30426139277242e-23,"1","Cadm1"
3.07334545434551e-25,2.11428368133733,0.298,0.071,5.56552128327429e-21,"1","Arhgef28"
7.22471460299255e-25,3.72786685999825,0.126,0.015,1.30832356745592e-20,"1","Vcan"
3.58898327279062e-24,2.46894856263669,0.192,0.034,6.49928980869654e-20,"1","Gdpd2"
2.84823381434462e-23,2.07789288037204,0.391,0.126,5.15786661439667e-19,"1","Stac"
2.94599451310448e-23,2.56159931337913,0.179,0.031,5.33490146378091e-19,"1","Syt6"
1.30084535924224e-22,1.99090126583204,0.325,0.09,2.35570086105177e-18,"1","Sema6a"
6.20941393170073e-22,1.05813424042905,0.854,0.57,1.12446276889169e-17,"1","Tnr"
3.04906909577093e-21,2.31417209298106,0.278,0.073,5.52155922553158e-17,"1","Ssfa2"
1.20485828662865e-20,1.59096642761398,0.397,0.134,2.18187787125582e-16,"1","Synpr"
2.5490612718442e-20,2.12791747492074,0.225,0.051,4.61609505718265e-16,"1","Baiap3"
4.85005112101915e-20,6.97796221012455,0.013,0,8.78295757505358e-16,"1","Vsig10l"
1.09650191253828e-19,2.16883166317709,0.245,0.061,1.98565531341557e-15,"1","Plch1"
1.45652219769574e-19,1.8350042562825,0.318,0.095,2.63761604780721e-15,"1","Spon1"
2.14298924694922e-19,1.3551454699696,0.695,0.377,3.88073922730035e-15,"1","Kcnq3"
1.35471869975863e-18,1.60145049061955,0.45,0.182,2.45326009339291e-14,"1","Crim1"
1.58472847668093e-18,2.15628200403499,0.265,0.074,2.86978479842149e-14,"1","Fbn2"
5.13753087974487e-207,1.14493671995764,0.999,0.953,9.30355467012998e-203,"2","Pcdh9"
4.5463470373459e-205,1.2623916735623,0.995,0.893,8.23297984992969e-201,"2","Gabrg3"
1.34673848094466e-177,1.17594682136221,0.984,0.727,2.43880871514268e-173,"2","March1"
5.22734875129859e-172,1.55907227339462,0.801,0.327,9.46620585372662e-168,"2","Tox"
3.44374924761557e-156,1.56194174080406,0.824,0.42,6.23628551250703e-152,"2","Kcnt2"
6.61867731489e-148,2.44457274862535,0.376,0.074,1.19857627495343e-143,"2","Etv1"
1.05916208859582e-135,1.94696793310974,0.541,0.175,1.91803662623818e-131,"2","Iqgap2"
2.50066024509366e-125,1.21446140552865,0.884,0.583,4.5284456378401e-121,"2","Focad"
7.42104744200975e-119,1.56682717144023,0.727,0.375,1.34387748127355e-114,"2","Inpp4b"
1.72230436298152e-111,2.00586717322149,0.438,0.132,3.11892097092323e-107,"2","Slit1"
4.03827387896391e-104,1.28815567144519,0.683,0.321,7.31291016741574e-100,"2","Chrm2"
5.84589014546186e-99,1.09486963002703,0.836,0.51,1.05863224644169e-94,"2","Shisa6"
1.01083463024625e-97,1.25014817378891,0.728,0.381,1.83052043191293e-93,"2","Pld5"
6.52026070766469e-96,2.40421447743174,0.254,0.05,1.180754011551e-91,"2","Plpp4"
1.01474519848382e-93,2.11347812903068,0.349,0.098,1.83760207993435e-89,"2","Cnr1"
2.92870440482457e-77,1.46284790633356,0.506,0.217,5.30359080669681e-73,"2","Hs3st2"
4.12102635931279e-77,1.10012664320324,0.746,0.451,7.46276663407954e-73,"2","Sh3gl2"
4.63613876239723e-70,2.03486164825179,0.257,0.068,8.39558368482514e-66,"2","Styk1"
5.15057020473322e-65,1.39779079387993,0.469,0.207,9.32716758375139e-61,"2","Adamtsl1"
6.20367831709913e-62,1.29089918651267,0.551,0.292,1.12342410644348e-57,"2","Cdh7"
5.12480882750331e-61,1.50245179027625,0.328,0.114,9.28051630572574e-57,"2","Mob3b"
3.15865833404362e-59,1.31205708541871,0.458,0.209,5.72001437711959e-55,"2","Trpc3"
3.19547543213459e-59,1.15519797311452,0.667,0.43,5.78668646005253e-55,"2","Luzp2"
3.87207931556616e-59,1.58530027363855,0.354,0.137,7.01194843255876e-55,"2","4930590L20Rik"
4.01517960934642e-57,1.42708271470786,0.398,0.169,7.27108875456544e-53,"2","Necab1"
3.37175444746036e-56,1.20106099310566,0.499,0.243,6.10591012890596e-52,"2","Ano2"
6.37317222067504e-53,1.61081380063622,0.328,0.129,1.15411775744204e-48,"2","Enpp2"
1.14971275895572e-52,1.82212709945182,0.248,0.079,2.08201483519291e-48,"2","Igfbpl1"
5.27180709045472e-52,1.19476111180279,0.457,0.219,9.54671546010446e-48,"2","Hdac9"
3.10513835304634e-51,1.10537924420648,0.525,0.281,5.62309504353162e-47,"2","Tyro3"
8.26510314482195e-50,1.32664150514867,0.352,0.146,1.49672752849581e-45,"2","Ust"
2.20132392761451e-47,1.26724218163808,0.35,0.149,3.98637750051712e-43,"2","Sv2c"
2.33491197385028e-45,1.36361356261798,0.34,0.145,4.22829209344547e-41,"2","Man2a1"
1.38275886078968e-42,2.96682262504673,0.089,0.013,2.50403802100403e-38,"2","Lrp4"
1.99771387920564e-42,1.45507381247898,0.248,0.089,3.6176600638535e-38,"2","Tox3"
5.22660777869035e-41,1.53421170168678,0.251,0.095,9.46486402643036e-37,"2","Cald1"
8.65299922640651e-41,3.02841383845375,0.084,0.012,1.56697162990995e-36,"2","Igdcc3"
4.61491815248279e-40,1.02462862601607,0.464,0.252,8.35715528233108e-36,"2","Rerg"
3.77950472779909e-39,1.89834900778668,0.167,0.049,6.84430511157137e-35,"2","Met"
4.05613427549809e-38,1.39577420392445,0.285,0.121,7.3452535594995e-34,"2","Palmd"
1.21820946674389e-35,1.6336963235545,0.187,0.063,2.20605552332652e-31,"2","Slc6a11"
1.3399996046181e-33,1.06633956393398,0.352,0.176,2.42660528400292e-29,"2","Whrn"
3.39552904354213e-32,1.15731157163601,0.329,0.164,6.14896354495045e-28,"2","Acvr1"
1.07757158163195e-30,1.15668404512763,0.319,0.16,1.9513743771773e-26,"2","Fstl1"
5.18566463189695e-30,2.39290499139255,0.151,0.051,9.39072008190218e-26,"2","Agmo"
5.96599210286597e-30,1.77072284447619,0.159,0.054,1.080381509908e-25,"2","Tgfb2"
1.37385051629212e-28,1.07626314581795,0.349,0.187,2.4879058999534e-24,"2","Sorl1"
1.90207135903128e-28,1.74026904793448,0.146,0.049,3.44446102406975e-24,"2","9330158H04Rik"
3.39393228091719e-28,3.16258289986957,0.047,0.005,6.14607196751293e-24,"2","Sostdc1"
1.34064466208888e-26,1.92008121666568,0.1,0.027,2.42777341857675e-22,"2","Rab38"
0,1.54615582635675,0.972,0.534,0,"3","Nxph1"
1.91106106954617e-251,2.06297505165801,0.739,0.312,3.46074049084117e-247,"3","Car10"
1.49073141573046e-172,1.49497760318462,0.832,0.607,2.69956552074629e-168,"3","Cntnap5a"
2.27234879912878e-152,1.4792796364637,0.737,0.427,4.11499644034231e-148,"3","Cntnap5b"
4.81520860662612e-148,3.28606777118163,0.244,0.035,8.71986126573925e-144,"3","Pou6f2"
2.49452546955534e-143,1.55395554859197,0.632,0.3,4.51733617281777e-139,"3","Fstl5"
1.8058364453437e-141,1.0379758171916,0.892,0.691,3.2701892188729e-137,"3","Etl4"
1.71123689114662e-137,1.38177077884067,0.713,0.407,3.09887888617741e-133,"3","Sgcz"
7.2068842640439e-129,1.00057082262851,0.862,0.621,1.30509467137571e-124,"3","Nrg1"
6.76541739217018e-127,1.84571596334851,0.56,0.272,1.2251494355481e-122,"3","Hs6st3"
1.78787814546063e-118,1.0542616607009,0.804,0.562,3.23766853361465e-114,"3","Tenm1"
2.72195644550602e-115,1.44308448628241,0.588,0.29,4.92919092716685e-111,"3","Brinp3"
5.01679968214809e-113,1.33023648704914,0.61,0.305,9.08492254440198e-109,"3","Gfra1"
1.63211989252816e-105,1.68258781284959,0.414,0.155,2.95560591337925e-101,"3","Itpr1"
3.18798874611582e-98,1.21447330923565,0.647,0.384,5.77312882034115e-94,"3","Nrp1"
9.79596560491743e-98,1.21300878405479,0.628,0.351,1.7739514113945e-93,"3","Hs3st4"
5.4407369577234e-97,1.6419127887169,0.36,0.126,9.85263055674131e-93,"3","Grin3a"
5.92133720011774e-83,1.42647228835123,0.428,0.189,1.07229495356932e-78,"3","Maml3"
4.5010960346609e-81,2.25071883713794,0.196,0.044,8.15103480916742e-77,"3","Megf11"
6.66060873810259e-79,1.11897629415489,0.567,0.316,1.206169636383e-74,"3","Plcxd3"
1.64503673930607e-67,2.06807482431517,0.196,0.053,2.97899703120936e-63,"3","Mgat5b"
8.03037531688205e-67,1.08898381407815,0.545,0.322,1.45422066613417e-62,"3","Psd3"
1.01490996214778e-60,1.16974904514074,0.439,0.23,1.83790045045342e-56,"3","Gabra1"
7.240399768764e-57,1.08149855985642,0.408,0.208,1.31116399412547e-52,"3","Mef2c"
1.46481670484271e-55,1.56433920894889,0.227,0.08,2.65263657079966e-51,"3","Tmtc2"
6.08360360443573e-54,1.35296274538433,0.66,0.571,1.10167977672727e-49,"3","Sgcd"
4.36865887252236e-51,2.56279875179567,0.109,0.021,7.91120435225075e-47,"3","Parm1"
1.16514068512933e-44,1.21003739529575,0.281,0.128,2.1099532667007e-40,"3","Glra2"
5.85455143343431e-38,2.23177605432325,0.132,0.041,1.06020071908062e-33,"3","Kcnh8"
1.42526072752088e-33,1.09113108490726,0.356,0.214,2.58100465146756e-29,"3","Ptprk"
1.76471046039241e-32,2.11926538751322,0.086,0.021,3.19571417272461e-28,"3","Drd3"
1.53277944090059e-26,1.45426827815989,0.142,0.058,2.77571028952687e-22,"3","Tmem255a"
3.00023528878523e-26,2.88832424675003,0.046,0.007,5.43312608446116e-22,"3","Homer3"
2.57417199335938e-23,2.08016104293593,0.07,0.019,4.66156806277449e-19,"3","Igfbp5"
1.1272820381711e-22,1.10579314184636,0.195,0.101,2.04139504292405e-18,"3","Shroom4"
2.47527138334464e-22,2.29825804375586,0.057,0.014,4.4824689480988e-18,"3","Dgkk"
2.93086693200997e-20,1.27140951375968,0.113,0.047,5.30750692717685e-16,"3","Synm"
3.28435801283002e-20,1.38014298051635,0.117,0.05,5.94764392543389e-16,"3","Ap1s2"
3.79925095456732e-20,1.7921260005628,0.072,0.023,6.88006355362596e-16,"3","Zan"
1.10156559806029e-17,1.47652655551287,0.096,0.04,1.99482514152737e-13,"3","Mdga1"
2.24960402215998e-17,1.16403144768742,0.156,0.082,4.0738079237295e-13,"3","Fras1"
2.80916092280681e-17,1.1272566910474,0.12,0.056,5.08710951511086e-13,"3","Adgra1"
1.54359602418453e-16,1.30604350225225,0.095,0.041,2.79529804019576e-12,"3","Fgd5"
2.29147586916615e-16,1.24813222530848,0.13,0.065,4.14963365147298e-12,"3","Sntb1"
1.28075513512393e-15,1.07282083239424,0.109,0.051,2.31931947419593e-11,"3","Lmo2"
2.08655383803841e-15,2.0335456836608,0.044,0.012,3.77854034530375e-11,"3","Vangl1"
1.30522719253907e-14,1.14938316954081,0.095,0.043,2.363635922969e-10,"3","Isl1"
1.39267637045214e-14,1.93503629152673,0.041,0.011,2.52199763925179e-10,"3","RP24-230H23.1"
1.4859992344696e-14,1.30399399863159,0.088,0.039,2.690996013701e-10,"3","Cables1"
3.64086318615411e-14,1.95905195743666,0.04,0.011,6.59323914380648e-10,"3","Trib1"
0,4.33385112061858,0.855,0.123,0,"4","Cpa6"
9.35941912098675e-121,1.90390559150242,0.863,0.358,1.69489720861949e-116,"4","Htr2c"
1.73212551948634e-112,1.69968584154898,0.933,0.563,3.13670610323782e-108,"4","Dmd"
1.46812958371216e-102,1.15844931736666,0.995,0.853,2.65863586314434e-98,"4","Epha6"
2.64511031700498e-97,1.2314479145035,0.987,0.84,4.79003027306432e-93,"4","Grm7"
1.48812441952988e-88,1.36903965011673,0.946,0.67,2.69484451132666e-84,"4","Prkg1"
1.50544324542358e-87,1.05033303616979,0.973,0.679,2.72620717313757e-83,"4","Galntl6"
1.99532864811929e-76,1.73609346074745,0.685,0.273,3.61334064887923e-72,"4","Sphkap"
5.37859300180415e-75,1.16122968808032,0.93,0.57,9.74009406696713e-71,"4","Sgcd"
1.12171961789159e-74,1.43122724807969,0.785,0.362,2.03132205603988e-70,"4","Pbx3"
1.71104891588561e-70,2.86094562263256,0.28,0.051,3.09853848177726e-66,"4","Pappa"
4.12263218501465e-68,2.27258291379906,0.344,0.077,7.46567462384302e-64,"4","Zfp536"
8.54696590308647e-68,1.9638567574593,0.5,0.161,1.54777005538993e-63,"4","Nfia"
1.26488491642072e-67,1.70455668082239,0.648,0.263,2.29058009514628e-63,"4","Sorcs3"
1.18071062607369e-62,2.5013665096636,0.288,0.059,2.13814887275685e-58,"4","Rarb"
1.86207129197157e-59,1.41660889148396,0.75,0.388,3.37202490263132e-55,"4","Epha3"
1.71480751836458e-58,1.59581597024479,0.597,0.246,3.10534493500642e-54,"4","Zfp804b"
8.86304667631137e-58,2.03321184696144,0.384,0.107,1.60500912261323e-53,"4","Htr7"
1.03008687557321e-56,2.36732798871274,0.288,0.064,1.86538432297552e-52,"4","Col6a3"
7.83920949005347e-55,1.7863286615891,0.465,0.157,1.41960244655378e-50,"4","Sv2c"
1.60934022148949e-54,2.03577942445849,0.341,0.091,2.91435420709531e-50,"4","Reln"
6.60224981467298e-54,2.03404499885781,0.384,0.113,1.19560141893913e-49,"4","Col23a1"
6.79497487272264e-53,1.35791074286369,0.699,0.355,1.23050199970134e-48,"4","Pam"
8.01311276104072e-51,1.10964590774343,0.669,0.296,1.45109458989686e-46,"4","Nfib"
7.40513359817399e-50,1.03941962858027,0.901,0.605,1.34099564329333e-45,"4","Sema6d"
7.95648306457e-50,1.01765490334248,0.901,0.616,1.44083951816298e-45,"4","Sorcs1"
2.39664960792944e-46,2.30276732646164,0.306,0.086,4.34009277499943e-42,"4","Wls"
1.22300838332769e-42,1.20873787308216,0.731,0.407,2.21474588136812e-38,"4","A330008L17Rik"
1.15512141483981e-41,3.98665197236938,0.067,0.004,2.09180937013341e-37,"4","Sncg"
9.60806469958445e-39,1.07011315648762,0.653,0.338,1.73992443644775e-34,"4","Brinp3"
1.20390807465313e-37,3.14460433214562,0.124,0.018,2.18015713238935e-33,"4","Otx2os1"
3.15837257377411e-37,3.10523009381147,0.118,0.017,5.71949689384754e-33,"4","Ecel1"
3.62452722700598e-37,1.86829799419388,0.29,0.089,6.56365635538513e-33,"4","Spon1"
5.37341734397108e-37,1.78765139938716,0.293,0.09,9.73072146819722e-33,"4","Ablim1"
2.48251105257564e-36,1.31317930182856,0.551,0.27,4.49557926510922e-32,"4","Map4k3"
3.96939902285432e-35,3.27171268453317,0.091,0.011,7.18818469048688e-31,"4","Tns1"
7.07061114061736e-35,1.017530062863,0.761,0.503,1.2804169714544e-30,"4","Mctp1"
6.47915650418989e-32,1.06336733624701,0.645,0.361,1.17331045134375e-27,"4","Plxdc2"
1.08302764927999e-31,2.17260453952025,0.21,0.057,1.96125477008114e-27,"4","Ndst4"
1.27633214951856e-31,2.34324319926467,0.164,0.037,2.31130988956315e-27,"4","Enpp1"
2.74549709841663e-29,1.08319387492301,0.57,0.313,4.97182069552267e-25,"4","Trps1"
4.16189485405964e-29,2.21960065201388,0.191,0.051,7.5367753912166e-25,"4","P3h2"
1.12162252914147e-28,1.24317938593534,0.435,0.198,2.03114623802229e-24,"4","Ptchd1"
1.73833232883069e-28,2.27310726660493,0.142,0.031,3.14794601427949e-24,"4","A830019P07Rik"
6.05045061812901e-25,1.80252740799987,0.212,0.068,1.09567610243698e-20,"4","Thsd4"
3.59259526005596e-24,1.0477068109791,0.535,0.307,6.50583075643533e-20,"4","Khdrbs2"
2.46865259130725e-23,1.17148003813701,0.473,0.253,4.47048297759831e-19,"4","Lrrc16a"
2.88356236798435e-23,1.41805375393912,0.293,0.118,5.22184309218285e-19,"4","Matn2"
2.53730737865373e-21,1.46723496455393,0.298,0.129,4.59480993200403e-17,"4","Mei4"
1.55414323827415e-20,2.27004096355714,0.102,0.022,2.81439799019065e-16,"4","S100a16"
6.04061213453278e-220,3.50166380957377,0.959,0.397,1.09389445144254e-215,"5","Gpc5"
4.23036645184131e-162,3.14804687398829,0.622,0.122,7.66077060763943e-158,"5","Stxbp6"
2.96749202201436e-147,3.00044702620943,0.627,0.142,5.3738313026658e-143,"5","Lmo4"
8.53424040619375e-145,2.24195634494073,0.948,0.539,1.54546559515763e-140,"5","Rora"
4.40767095491501e-135,1.77707256312682,0.994,0.61,7.9818513322556e-131,"5","Nxph1"
2.69448363044193e-125,1.68349955787934,0.97,0.73,4.87944040636729e-121,"5","Pde4d"
2.517246162116e-118,2.0269498977202,0.931,0.61,4.55848107497586e-114,"5","Ptprt"
6.52251856349264e-116,1.67538915948376,0.972,0.709,1.18116288666288e-111,"5","Cntn4"
2.13086190216369e-108,1.7888831004764,0.931,0.623,3.85877781862823e-104,"5","Mllt3"
1.82666139121685e-101,1.89261749904549,0.845,0.361,3.30790111335459e-97,"5","Tox"
1.14321785894962e-91,2.15967109671881,0.605,0.185,2.07025322077186e-87,"5","Grik1"
1.03366710953479e-89,4.21014587066004,0.141,0.008,1.87186776865655e-85,"5","Oprk1"
1.42633854941597e-82,1.5482334903058,0.892,0.606,2.58295647913738e-78,"5","Focad"
2.41032571048345e-81,1.06505063567406,1,0.901,4.36485882911448e-77,"5","Gabrg3"
4.22770856304919e-77,1.54954007226925,0.865,0.533,7.65595743682578e-73,"5","Shisa6"
7.69913259277571e-77,2.2688112309894,0.528,0.162,1.39423592122575e-72,"5","Pcdh10"
6.00321915727619e-76,1.22732354879895,0.972,0.864,1.08712295719115e-71,"5","Gabrb1"
2.46415127666882e-73,2.09046780155061,0.884,0.685,4.46233154691956e-69,"5","Galntl6"
6.24820323912635e-60,1.95694484548151,0.475,0.152,1.13148712457339e-55,"5","Man2a1"
2.46497719814046e-52,1.54336033006202,0.729,0.408,4.46382720811255e-48,"5","Rbms3"
3.66678549339222e-50,2.30747285135851,0.34,0.096,6.64018184998396e-46,"5","Kcnh5"
1.56995667861711e-48,1.43122398150489,0.768,0.455,2.84303454930773e-44,"5","Kcnt2"
1.39385106506964e-47,2.28050950976589,0.271,0.065,2.52412489373461e-43,"5","Plpp4"
7.28306402981114e-47,1.41959854083122,0.771,0.536,1.3188900651585e-42,"5","Asic2"
2.17139706795362e-43,1.49780406346266,0.624,0.308,3.9321829503572e-39,"5","Cdh7"
2.27432189334846e-43,2.76381616909635,0.174,0.031,4.11856951666473e-39,"5","Ppfibp1"
3.12882395778952e-42,1.92014636336474,0.354,0.113,5.66598730516105e-38,"5","Frmd4b"
4.15907494013813e-42,1.04654246449831,0.854,0.604,7.53166880909614e-38,"5","Kirrel3"
4.59415450783025e-42,2.49780406346266,0.182,0.034,8.3195543982298e-38,"5","Slc7a5"
3.21804454895806e-41,1.70017568738983,0.467,0.189,5.82755687370814e-37,"5","Pcdh11x"
4.60100721057631e-37,2.2214035396413,0.296,0.093,8.33196395763264e-33,"5","Sh3d19"
1.80057489469398e-36,3.1633850243921,0.099,0.012,3.26066107680133e-32,"5","Atf5"
2.06907801529542e-36,1.33474578150861,0.608,0.331,3.74689337789847e-32,"5","Dab1"
5.6559429002405e-35,1.54057968656564,0.459,0.199,1.02423469980455e-30,"5","Itpr1"
7.4396259280069e-35,2.12265929130733,0.213,0.053,1.34724185930277e-30,"5","Synm"
5.36154710187452e-34,2.41699201787456,0.16,0.032,9.70922564678456e-30,"5","Cobll1"
1.02621732374597e-33,4.14689690160353,0.055,0.003,1.85837695157158e-29,"5","Naip5"
2.44429732498509e-33,2.53022554115504,0.149,0.029,4.4263780258155e-29,"5","Strip2"
2.79853545799953e-33,1.09486639782334,0.762,0.542,5.06786786089134e-29,"5","Tmeff2"
3.63475357603664e-33,1.45693178204713,0.519,0.258,6.58217525084476e-29,"5","Gm29478"
8.20134456004166e-33,1.70003519023425,0.423,0.181,1.48518148637794e-28,"5","Nrp2"
2.51475404530622e-31,2.99256875521224,0.119,0.02,4.55396810064503e-27,"5","Dab2"
6.07052409474683e-31,2.75483972867501,0.146,0.03,1.0993112083177e-26,"5","Sel1l3"
7.66686749364925e-31,1.58867487588644,0.472,0.232,1.38839303442494e-26,"5","Pcp4"
3.13534409765348e-30,3.86864175883097,0.058,0.005,5.67779462644069e-26,"5","Gpr139"
4.80977720755224e-30,2.53320939959386,0.122,0.022,8.71002554515635e-26,"5","Grid2ip"
6.95006888904878e-30,3.39924022897907,0.075,0.008,1.25858797511784e-25,"5","Rgs8"
1.39232116965709e-29,1.98606248141606,0.204,0.056,2.52135440613203e-25,"5","Met"
1.69059723927401e-29,1.41836959596825,0.53,0.285,3.06150254060131e-25,"5","Me3"
1.99758282016765e-28,1.26732691199452,0.599,0.353,3.61742272904159e-24,"5","Gpm6b"
0,5.04984854945056,0.75,0.05,0,"6","Kcnmb2"
0,4.1487660903231,0.729,0.081,0,"6","Ptprm"
0,5.0718521148652,0.676,0.057,0,"6","Sox6"
0,6.33025295953829,0.378,0.008,0,"6","Maf"
1.07019245591658e-296,3.87951922411166,0.86,0.139,1.93801151841933e-292,"6","Elavl2"
1.8939532792084e-289,4.47168207680344,0.902,0.184,3.4297599933185e-285,"6","Kcnc2"
4.34801769517055e-281,6.99390434890476,0.256,0.003,7.87382524418436e-277,"6","Moxd1"
2.02085033489022e-278,4.03213927024693,0.979,0.269,3.6595578714527e-274,"6","Tcf4"
2.91113395542348e-241,5.02988687577396,0.432,0.03,5.27177247987639e-237,"6","Col19a1"
2.77221362394992e-228,7.69889755333269,0.265,0.008,5.02020165161092e-224,"6","Npy"
6.77123233467763e-179,5.79585928321977,0.199,0.005,1.22620246348677e-174,"6","Crhbp"
3.0713425304852e-176,5.91260424680291,0.182,0.004,5.56189418845565e-172,"6","Cort"
1.30825990227195e-163,5.813068573252,0.179,0.004,2.36912785702427e-159,"6","Rbp4"
9.86644467038733e-147,3.91142025408903,0.378,0.042,1.78671446536044e-142,"6","Satb1"
2.69722467848073e-129,3.79059433652976,0.476,0.084,4.88440417026075e-125,"6","Gm20754"
3.59390637840091e-124,4.26390403216178,0.262,0.022,6.5082050606462e-120,"6","Calb1"
4.34331751190847e-124,5.02491674485915,0.182,0.008,7.86531368231504e-120,"6","Igfbp4"
3.00319837496433e-119,1.75684556480518,0.979,0.746,5.43849193722291e-115,"6","Xkr4"
4.45903818260413e-109,3.44958383268095,0.295,0.033,8.07487224487782e-105,"6","Osbpl3"
3.80321986317672e-108,4.96507166669705,0.131,0.004,6.88725085022672e-104,"6","Plch2"
1.56179247011735e-107,3.1654726396086,0.446,0.084,2.82824998413552e-103,"6","Utrn"
7.83514280092302e-106,2.94109384980361,0.53,0.122,1.41886600981915e-101,"6","Fgf13"
1.10064680416171e-105,2.34680688819915,0.818,0.351,1.99316129765644e-101,"6","Pam"
7.06296106019493e-100,4.24148510233204,0.161,0.009,1.2790316183907e-95,"6","Oprd1"
5.35922713287984e-98,4.03165245046687,0.226,0.021,9.7050244149321e-94,"6","Tmem44"
7.1382624509851e-98,2.87201555433006,0.524,0.129,1.29266794724889e-93,"6","Cntnap4"
2.08868796980372e-97,2.77242658875465,0.464,0.098,3.78240504451756e-93,"6","Runx1t1"
1.69087654768629e-96,5.69889755333269,0.095,0.002,3.0620083402051e-92,"6","Lhx6"
2.98570988982775e-96,2.39626372458882,0.905,0.685,5.40682203948908e-92,"6","Galntl6"
8.22488620617676e-96,2.54996531190974,0.601,0.177,1.48944464307655e-91,"6","Alk"
8.56096339822676e-95,4.48917896203135,0.137,0.006,1.55030486178488e-90,"6","Lypd6"
1.21623191076541e-90,4.56836599019046,0.14,0.007,2.20247436720508e-86,"6","Lypd6b"
8.1425648493106e-86,2.40602479381962,0.601,0.187,1.47453706856166e-81,"6","Grik1"
8.71467646567456e-85,3.62703156713337,0.238,0.028,1.57814076116901e-80,"6","Tmem132c"
1.74621478530887e-84,1.68321678618308,0.884,0.554,3.16222035471582e-80,"6","Oxr1"
2.11384619731194e-84,3.20034439732017,0.318,0.053,3.82796407871218e-80,"6","Nek7"
4.60887296987763e-84,1.46749057477458,0.976,0.613,8.3462080611514e-80,"6","Nxph1"
3.29323966454433e-83,2.404824605539,0.598,0.191,5.96372770852333e-79,"6","Fam19a2"
5.88335456244072e-81,1.41198698950316,0.994,0.963,1.06541667771239e-76,"6","Cntnap2"
2.48446624651692e-79,3.04890960048095,0.271,0.039,4.4991199258175e-75,"6","Ubash3b"
5.49865226692231e-79,2.17646711017793,0.652,0.25,9.95750939016962e-75,"6","Zeb2"
1.72354435209937e-78,5.47650513199624,0.086,0.002,3.12116646721675e-74,"6","Lgals1"
6.03423357062592e-78,2.6786497921786,0.375,0.077,1.09273935730465e-73,"6","Zfp536"
2.22834326511356e-77,2.74370717204526,0.417,0.096,4.03530681879414e-73,"6","Kctd8"
2.44200981969718e-77,3.04995364470035,0.336,0.064,4.42223558248962e-73,"6","Btbd11"
2.55292725252945e-73,1.2522267760065,0.97,0.811,4.62309596160558e-69,"6","Il1rapl1"
7.68767466423463e-70,3.91462624438812,0.173,0.018,1.39216100494625e-65,"6","Cemip"
1.61015320514545e-69,1.29191465980728,0.952,0.717,2.9158264391979e-65,"6","Dlgap2"
1.80203237625694e-69,3.48419952378624,0.185,0.02,3.26330043016369e-65,"6","Adra1a"
4.67979916849842e-69,4.10758794584565,0.137,0.01,8.47464831423379e-65,"6","Nxph2"
0,2.54085460839993,0.753,0.221,0,"7","Nfib"
1.74787492562037e-265,1.20802980173024,0.996,0.856,3.16522670280593e-261,"7","Plcb1"
5.87708591779231e-230,1.74307807012081,0.833,0.408,1.06428148885301e-225,"7","Trhde"
2.41272045914279e-198,3.13214461780989,0.325,0.043,4.36919547946167e-194,"7","Col15a1"
8.5191643813966e-184,1.31468409477429,0.925,0.709,1.54273547782711e-179,"7","Trpm3"
4.81517271660624e-167,1.71585200711986,0.594,0.206,8.71979627250225e-163,"7","Ano2"
6.94491669273466e-157,2.03898195769815,0.508,0.163,1.25765496388732e-152,"7","Slit3"
9.17437347420535e-147,1.03757814807012,0.909,0.571,1.66138729244385e-142,"7","Sorcs1"
9.14083727639217e-132,2.26446725219225,0.384,0.106,1.65531422238186e-127,"7","Pdzrn4"
5.01355360438684e-128,1.40651880724394,0.554,0.209,9.07904422218413e-124,"7","Zeb2"
2.83421736550678e-124,1.03716636127101,0.848,0.548,5.13248422719624e-120,"7","Pde4b"
1.98207245139445e-123,1.98648282957696,0.42,0.133,3.58933500223022e-119,"7","Scn9a"
1.13577375383228e-121,1.5547603667628,0.501,0.183,2.05677269081488e-117,"7","Adamtsl1"
1.52857093005091e-117,1.54724774938966,0.641,0.336,2.76808909722919e-113,"7","Thsd7a"
1.89305680601891e-116,3.80368179652121,0.154,0.013,3.42813657001964e-112,"7","Slc26a4"
1.6673710198958e-112,2.40851121678478,0.29,0.068,3.0194421799293e-108,"7","Gm13481"
6.90988314148644e-87,1.8973863347813,0.336,0.113,1.25131073809178e-82,"7","Nxn"
1.0782101776092e-86,1.01082628356234,0.583,0.281,1.9525308106325e-82,"7","Pde1a"
2.41497912158339e-86,1.83194234923145,0.281,0.078,4.37328569127536e-82,"7","Cald1"
2.3016137274222e-85,2.48365979536147,0.2,0.041,4.16799229898886e-81,"7","Ndnf"
2.93370877331579e-83,2.0963081951354,0.267,0.075,5.31265321759757e-79,"7","Dchs2"
6.86105569678513e-78,2.02267527934332,0.251,0.07,1.24246857613082e-73,"7","Wfs1"
8.4868542516162e-74,1.76985062717303,0.287,0.093,1.53688443642518e-69,"7","Matn2"
3.79365056967905e-73,1.82171461219987,0.268,0.083,6.86992181663179e-69,"7","Grik4"
6.46644618759043e-68,1.00434304553742,0.591,0.331,1.17100874011075e-63,"7","Plxdc2"
2.46442412914012e-66,1.24018439241656,0.593,0.368,4.46282565545985e-62,"7","Epha3"
9.22570957663233e-66,1.98228237741136,0.221,0.064,1.67068374723235e-61,"7","Sv2b"
1.08237738989631e-64,2.04074681844317,0.215,0.061,1.96007721536323e-60,"7","Ntf3"
5.77840451176779e-62,1.0051908246856,0.63,0.396,1.04641127303603e-57,"7","Atrnl1"
3.24845003974625e-60,1.15145160945598,0.467,0.241,5.88261817697648e-56,"7","Snca"
8.23806383262114e-55,1.21850395211119,0.393,0.188,1.49183097944936e-50,"7","Gabrg1"
4.33322280598892e-49,1.93125812965904,0.164,0.046,7.84703317936534e-45,"7","Prlr"
3.24329621328593e-48,3.23848345112145,0.078,0.009,5.87328511263949e-44,"7","4931429P17Rik"
3.86040809078288e-48,1.09497575394835,0.453,0.251,6.99081301159871e-44,"7","Sh3kbp1"
2.31613316940529e-46,1.12448329669267,0.382,0.193,4.19428555647604e-42,"7","Zdbf2"
4.52889661807975e-46,1.31355422774029,0.311,0.141,8.20137888568062e-42,"7","Ust"
2.41532644704487e-44,2.03670032933852,0.146,0.04,4.37391466295356e-40,"7","Spata13"
6.52730764175249e-44,1.61901732539257,0.248,0.103,1.18203014084496e-39,"7","Col23a1"
5.00869762799972e-42,1.37861506590519,0.302,0.144,9.07025053454469e-38,"7","Znrf3"
1.84196976092747e-41,1.55842060277355,0.211,0.08,3.33562304006356e-37,"7","Gulp1"
4.06551874326511e-41,1.2270786878492,0.307,0.147,7.36224789217879e-37,"7","Sdk2"
2.25597948306581e-37,2.28217636378801,0.095,0.02,4.08535324588388e-33,"7","Kcnh3"
3.29843413845686e-37,1.2066489422313,0.261,0.118,5.97313438133153e-33,"7","Mkx"
1.50620183023879e-36,1.98789102396977,0.112,0.029,2.72758089437943e-32,"7","Htr1b"
2.29513047013119e-35,1.28064758670237,0.221,0.094,4.15625176836058e-31,"7","Ablim2"
7.77753987198055e-35,2.28512500318937,0.092,0.021,1.40843469541696e-30,"7","Fgf10"
8.0496860587425e-33,1.00318089499437,0.329,0.176,1.45771764837768e-28,"7","Sez6"
2.54579589765485e-32,2.38272495252543,0.083,0.018,4.61018179106317e-28,"7","D430036J16Rik"
1.31743720250555e-31,1.01650331960592,0.336,0.186,2.3857470300173e-27,"7","Grb14"
8.04216844683083e-31,1.11209504581029,0.288,0.149,1.45635628403659e-26,"7","Gas7"
