"","p_val","avg_log2FC","pct.1","pct.2","p_val_adj","cluster","gene"
"1",0,1.60971899343991,0.846,0.351,0,"1","Nfib"
"2",0,1.66549910233337,0.738,0.278,0,"1","Zeb2"
"3",0,1.36487953318032,0.881,0.466,0,"1","Trhde"
"4",0,1.72772433009779,0.661,0.251,0,"1","Ano2"
"5",0,1.37051349068795,0.93,0.52,0,"1","Grm1"
"6",0,1.79687663224315,0.567,0.185,0,"1","Slit1"
"7",0,1.22443529045594,0.717,0.36,0,"1","Khdrbs2"
"8",0,1.05698405237425,0.923,0.575,0,"1","Chrm3"
"9",0,1.36561265335557,0.724,0.379,0,"1","Epha3"
"10",0,1.13781075612156,0.825,0.494,0,"1","Ghr"
"11",0,1.12823159933687,0.978,0.683,0,"1","March1"
"12",0,1.93732947377527,0.4,0.118,0,"1","Matn2"
"13",0,3.47480756735572,0.282,0.034,0,"1","Hmcn1"
"14",0,2.67052239726052,0.285,0.051,0,"1","Col15a1"
"15",0,1.65407516192594,0.999,0.791,0,"1","Trpm3"
"16",1.91010617464604e-301,1.57073914855536,0.479,0.173,3.82861681646052e-297,"1","Spon1"
"17",1.39366767256316e-293,1.4595730225751,0.531,0.215,2.7934674828856e-289,"1","Adamtsl1"
"18",1.17917630883777e-284,1.49715800278319,0.486,0.184,2.36354099343442e-280,"1","Ust"
"19",8.29940754146984e-274,1.12563374033922,0.763,0.45,1.66353324761221e-269,"1","Sh3gl2"
"20",6.39161521459253e-264,1.31327598208377,0.496,0.196,1.28113535361293e-259,"1","Pdzrn4"
"21",7.92974246483742e-257,1.36410668176099,0.533,0.231,1.58943757965201e-252,"1","Slit3"
"22",1.85119399674669e-242,2.60589132989734,0.177,0.03,3.71053324707906e-238,"1","Slc26a4"
"23",2.38757632808864e-236,1.60919805178197,0.356,0.119,4.78565799202087e-232,"1","Col6a3"
"24",2.2741015724734e-215,1.72931606932622,0.304,0.096,4.55820919186568e-211,"1","Cald1"
"25",2.47374893149545e-208,1.03702027280873,0.663,0.377,4.95838235828948e-204,"1","Ldb2"
"26",1.13619190950839e-204,2.37130535369292,0.187,0.041,2.27738306341862e-200,"1","Kcnk13"
"27",8.44642333160962e-182,1.41051994978475,0.313,0.113,1.69300109258783e-177,"1","Reln"
"28",1.23576733157964e-172,1.38871471225435,0.331,0.126,2.47697203941824e-168,"1","Cnr1"
"29",6.35983574534878e-164,1.5688325470553,0.273,0.095,1.27476547679771e-159,"1","Nbl1"
"30",1.96292280805244e-163,1.27563645666153,0.391,0.171,3.93448247646031e-159,"1","Nxn"
"31",2.00963766438709e-151,2.31153957997928,0.137,0.029,4.02811773449748e-147,"1","Adam18"
"32",2.18005766362925e-142,1.28308634837382,0.352,0.155,4.36970758097847e-138,"1","Ar"
"33",3.53277903041624e-141,2.0713155357967,0.148,0.036,7.08110228856631e-137,"1","Lamp5"
"34",1.75747743694877e-140,2.27379030337978,0.129,0.028,3.52268777462012e-136,"1","Grtp1"
"35",3.53519305812241e-138,1.0169533192604,0.473,0.25,7.08594096570056e-134,"1","Snca"
"36",3.46977351287601e-132,1.03891205671112,0.425,0.213,6.95481402920868e-128,"1","Nfia"
"37",1.32131468651842e-130,1.26992759108734,0.332,0.148,2.64844315765752e-126,"1","Gfra2"
"38",1.37951156013509e-128,1.70319983056926,0.205,0.069,2.76509297113477e-124,"1","Ntf3"
"39",9.73682958437579e-127,2.18280177103082,0.123,0.028,1.95165012189228e-122,"1","Unc5b"
"40",4.16285353398651e-123,1.38321593119544,0.289,0.123,8.34402362352255e-119,"1","Mkx"
"41",2.63811217562459e-119,1.3358421007262,0.273,0.113,5.28783204482194e-115,"1","Runx2"
"42",8.01075191080702e-117,1.30849043679077,0.288,0.125,1.60567511300216e-112,"1","Galnt7"
"43",3.28480273923786e-113,1.29353924994936,0.281,0.122,6.58405861052837e-109,"1","Sulf2"
"44",2.17125768574939e-111,1.11050948693504,0.314,0.145,4.35206890531608e-107,"1","Zmat4"
"45",9.64802935574306e-109,1.13779215015517,0.263,0.11,1.93385100406514e-104,"1","Zfp536"
"46",1.73618779772332e-103,1.45157539891732,0.219,0.086,3.48001482175662e-99,"1","Traip"
"47",1.34282466448597e-101,1.07470313703757,0.314,0.15,2.69155775749567e-97,"1","Clic4"
"48",3.60304360085144e-99,1.00031689837328,0.369,0.196,7.22194059354662e-95,"1","Snrpn"
"49",8.85596794189856e-96,1.01479692413815,0.349,0.181,1.77509021427415e-91,"1","Znrf3"
"50",1.85024048094189e-95,1.58098691895489,0.155,0.052,3.70862201999992e-91,"1","Mctp2"
"51",0,2.87437735908181,0.773,0.179,0,"2","Cpa6"
"52",0,1.18536410136022,0.91,0.53,0,"2","Grm1"
"53",0,2.2298547087759,0.398,0.102,0,"2","Prlr"
"54",0,1.74489628465207,0.746,0.459,0,"2","Hs6st3"
"55",0,1.04429932081948,0.976,0.798,0,"2","Trpm3"
"56",0,1.35865562485488,0.99,0.814,0,"2","Epha6"
"57",1.5276762783864e-273,1.27162636253785,0.648,0.298,3.06207433239771e-269,"2","Zeb2"
"58",2.1930447139747e-240,1.7657184749441,0.375,0.121,4.39573882469088e-236,"2","Col6a3"
"59",4.12121888413029e-231,2.47203985686091,0.217,0.045,8.26057113135075e-227,"2","Slc18a2"
"60",3.92994234272917e-229,2.56295468574605,0.217,0.046,7.87717643176635e-225,"2","Mctp2"
"61",4.45495885209028e-203,1.49365862305313,0.445,0.183,8.92951952312975e-199,"2","Spon1"
"62",1.90703759684092e-202,1.0055217023047,0.657,0.361,3.82246615910795e-198,"2","Tcf4"
"63",5.65045707324946e-174,1.42165751800635,0.441,0.196,1.13257761576212e-169,"2","Ust"
"64",8.8684998485677e-168,1.52528917861655,0.367,0.147,1.77760210964691e-163,"2","Col23a1"
"65",7.7736634711357e-165,3.08941169592394,0.096,0.011,1.55815310615444e-160,"2","Sall3"
"66",8.0725081133703e-147,1.23134975156954,0.44,0.209,1.61805352624394e-142,"2","Pdzrn4"
"67",2.76199406183757e-134,1.22610815235527,0.429,0.21,5.53614089754722e-130,"2","Slit1"
"68",3.85789014868391e-134,1.31892314310515,0.392,0.183,7.73275501402203e-130,"2","Palmd"
"69",4.12283769330242e-120,1.32738216170684,0.314,0.134,8.26381587245538e-116,"2","Matn2"
"70",2.79583028335169e-112,1.2791194396729,0.355,0.169,5.60396221995013e-108,"2","Ildr2"
"71",1.19924134457412e-109,1.35461436765146,0.303,0.133,2.40375935106436e-105,"2","Igfbpl1"
"72",2.56368230850128e-107,1.4521581701771,0.256,0.103,5.13864481915997e-103,"2","Dlx1"
"73",4.10885459510687e-104,1.4892072829927,0.23,0.088,8.23578815043221e-100,"2","Ndnf"
"74",4.18848299549034e-104,1.44596768310574,0.309,0.143,8.39539531616083e-100,"2","Scn9a"
"75",6.64738660330475e-99,1.63768621307786,0.179,0.06,1.3324021707664e-94,"2","Spata13"
"76",8.26015003569301e-98,1.15057495681845,0.357,0.18,1.65566447315431e-93,"2","Nxn"
"77",1.01582475187305e-96,1.86318499070731,0.145,0.043,2.03611913265435e-92,"2","Nfix"
"78",9.75262772107368e-93,1.76552700469298,0.153,0.048,1.95481670041201e-88,"2","Acss1"
"79",1.55091508712215e-83,3.33373044146648,0.043,0.004,3.10865420062765e-79,"2","Gm27239"
"80",6.94125231120553e-78,1.02554983634465,0.435,0.265,1.39130461325804e-73,"2","Fam19a2"
"81",5.75024184539531e-77,1.49536583688453,0.179,0.07,1.15257847549104e-72,"2","Pnoc"
"82",1.03018793390231e-76,1.01576918226583,0.348,0.19,2.06490869471378e-72,"2","Tiam1"
"83",1.49212617723099e-74,2.73966883677196,0.053,0.008,2.9908177096418e-70,"2","Col27a1"
"84",4.72144318640929e-73,1.33969344482867,0.208,0.09,9.46366072283878e-69,"2","Sh3rf1"
"85",8.67259351272451e-66,1.06054771544446,0.266,0.135,1.7383346436905e-61,"2","Cacng5"
"86",5.70479214948992e-63,1.94081554107018,0.085,0.023,1.14346853844376e-58,"2","Eva1c"
"87",7.81415441179888e-62,1.19691344886479,0.219,0.105,1.56626911030097e-57,"2","Nbl1"
"88",8.56996025985264e-62,1.12183556523225,0.265,0.138,1.71776283448486e-57,"2","D930015E06Rik"
"89",2.50719418559314e-59,2.21966808187529,0.068,0.016,5.0254200256029e-55,"2","Rassf2"
"90",1.01688141555562e-57,1.56329188220449,0.124,0.046,2.03823710933969e-53,"2","Mlip"
"91",3.19241499835054e-53,1.26872431027199,0.166,0.074,6.39887662269382e-49,"2","Zic3"
"92",4.48274493747232e-52,2.31338806145662,0.053,0.012,8.98521395266953e-48,"2","Ttr"
"93",1.65223510539792e-51,1.69029553802586,0.089,0.029,3.31174004525958e-47,"2","Dock5"
"94",2.07793123933249e-51,2.03806839616308,0.07,0.019,4.16500537611805e-47,"2","Adgra3"
"95",1.62116945083473e-50,1.62999534524183,0.097,0.033,3.24947204725313e-46,"2","Unc5b"
"96",2.62567735195029e-49,1.00370437690179,0.226,0.119,5.26290768424916e-45,"2","Lypd1"
"97",3.24434137454471e-49,2.07704467433437,0.071,0.021,6.50295785113741e-45,"2","Gsap"
"98",2.83963811024912e-48,2.7254812348672,0.039,0.007,5.69177062818333e-44,"2","Lgr5"
"99",4.18550347432386e-48,1.34396404274176,0.139,0.06,8.38942316393475e-44,"2","Gnb4"
"100",7.19748509263315e-47,1.5144153788045,0.092,0.032,1.44266391196739e-42,"2","3110035E14Rik"
"101",0,1.88530783955057,0.98,0.545,0,"3","Nxph1"
"102",0,1.89591325680914,0.704,0.304,0,"3","Car10"
"103",0,1.68483456769696,0.867,0.524,0,"3","Cntnap5a"
"104",8.12881991216778e-305,1.22381917323323,0.853,0.558,1.62934066319491e-300,"3","Nrg1"
"105",4.14020735606187e-274,1.68554364808544,0.522,0.196,8.29863162449041e-270,"3","Gfra1"
"106",1.00130757136467e-272,3.05885284161588,0.206,0.033,2.00702089604335e-268,"3","Pou6f2"
"107",1.6084844972299e-267,1.63150708057561,0.49,0.175,3.2240463262476e-263,"3","Slit2"
"108",1.94226885390081e-254,1.4842975013407,0.612,0.279,3.89308369075879e-250,"3","Hs3st4"
"109",5.85366971230493e-233,1.10265023440236,0.797,0.477,1.1733095571344e-228,"3","Ncam2"
"110",1.24561779508208e-228,1.28043260515278,0.703,0.406,2.49671630846253e-224,"3","Sgcz"
"111",4.63225632077326e-218,1.02013285440178,0.878,0.674,9.28489456935793e-214,"3","Etl4"
"112",7.63062593786642e-208,1.42548688553598,0.541,0.245,1.52948266298595e-203,"3","Vat1l"
"113",5.30146013304935e-199,1.2738247971198,0.705,0.434,1.06262466906841e-194,"3","Cntnap5b"
"114",7.70032074952121e-187,1.01019157425917,0.785,0.528,1.54345229103403e-182,"3","Dgki"
"115",2.3065213594907e-179,1.77841761484248,0.31,0.102,4.62319141296316e-175,"3","Grin3a"
"116",5.19757155935128e-150,1.0396985328212,0.525,0.265,1.04180124335637e-145,"3","Unc5c"
"117",1.06512453294149e-143,1.06175790399969,0.508,0.252,2.13493561382792e-139,"3","Neto1"
"118",1.59140123204277e-139,1.15063704416445,0.59,0.353,3.18980462950654e-135,"3","Inpp4b"
"119",6.10770458005539e-136,1.19081542647182,0.498,0.258,1.2242283060263e-131,"3","Plcxd3"
"120",2.1082111532655e-134,1.32122166995051,0.413,0.191,4.22569843560536e-130,"3","Maml3"
"121",1.23500680196597e-125,1.24238253002385,0.418,0.2,2.4754476338606e-121,"3","Gabra1"
"122",1.86384802217652e-117,1.05183240321732,0.594,0.378,3.73589697565062e-113,"3","Nrp1"
"123",4.6257165641321e-90,1.02574449312964,0.719,0.573,9.27178628114638e-86,"3","Kirrel3"
"124",3.31154268502373e-88,1.15166345108063,0.345,0.172,6.63765615786157e-84,"3","Itpr1"
"125",2.49440716466021e-87,1.04903241015649,0.375,0.196,4.99978972084493e-83,"3","Mef2c"
"126",1.97410296487744e-86,1.15087396573266,0.418,0.237,3.95689198280034e-82,"3","Chrm2"
"127",4.32829574194154e-85,1.26042922765473,0.312,0.152,8.67563598514762e-81,"3","Akap13"
"128",1.30746276114644e-76,1.16666863958764,0.278,0.131,2.62067835844193e-72,"3","Glra2"
"129",2.07482508508788e-74,1.34704263480269,0.202,0.082,4.15877940055015e-70,"3","Tmtc2"
"130",3.43244403478564e-69,1.69502924810507,0.153,0.056,6.87999082332434e-65,"3","Tll1"
"131",5.95913510257688e-67,1.2329178296693,0.264,0.13,1.19444903996051e-62,"3","Pde3a"
"132",2.13855751140188e-62,2.17563383703408,0.079,0.02,4.28652467585393e-58,"3","Zan"
"133",3.92948003251961e-61,2.39828421584235,0.065,0.014,7.87624977718232e-57,"3","Drd3"
"134",1.20540449022734e-60,1.17173855920393,0.173,0.07,2.41611276021167e-56,"3","Megf11"
"135",5.95951773743362e-52,1.07643732101735,0.238,0.123,1.19452573529119e-47,"3","Fam184b"
"136",6.75702162990763e-50,1.02088745875374,0.233,0.12,1.35437741549868e-45,"3","Lypd1"
"137",1.29684811864246e-49,1.2842081036273,0.163,0.072,2.59940236900694e-45,"3","Mgat5b"
"138",1.58444183469954e-48,1.72203990923434,0.094,0.031,3.17585521347176e-44,"3","Parm1"
"139",6.85683755952162e-45,1.41262610902988,0.113,0.043,1.37438452043051e-40,"3","Adra2a"
"140",6.6630252100009e-42,1.19624526994327,0.184,0.093,1.33553677309258e-37,"3","Fras1"
"141",5.05075843470562e-41,2.38634238162968,0.039,0.008,1.0123740206524e-36,"3","Homer3"
"142",2.06636242597262e-40,1.0255041006914,0.195,0.101,4.14181684661952e-36,"3","Shroom4"
"143",1.31027645060974e-38,1.44853714323702,0.098,0.038,2.62631811760217e-34,"3","Cables1"
"144",1.35529175620019e-38,1.10424989612804,0.164,0.08,2.71654679612767e-34,"3","Cdh4"
"145",4.24500284310511e-37,1.50518010637114,0.097,0.038,8.50868369871988e-33,"3","Mdga1"
"146",7.17297376188138e-37,2.05823814188344,0.055,0.015,1.4377508608315e-32,"3","Dgkk"
"147",2.16128390871391e-35,2.19940200296703,0.038,0.008,4.33207746662616e-31,"3","Nkx2-1"
"148",5.23801749769353e-35,2.30785937169194,0.037,0.008,1.04990822723769e-30,"3","RP24-230H23.1"
"149",9.75423693655199e-33,1.0413269367889,0.173,0.093,1.95513925156248e-28,"3","Gpr176"
"150",1.16923224408445e-31,1.74351260472943,0.059,0.019,2.34360911004288e-27,"3","Igfbp5"
"151",0,2.25072395998679,0.673,0.182,0,"4","Stac2"
"152",0,1.63836186633287,0.892,0.474,0,"4","Prkca"
"153",0,1.99715531818742,0.561,0.176,0,"4","Stac"
"154",0,1.07245792295625,0.962,0.825,0,"4","Grin2b"
"155",4.49592019542462e-285,1.20525850140682,0.924,0.674,9.01162243970911e-281,"4","Etl4"
"156",9.07918171520748e-283,1.5729498462227,0.715,0.323,1.81983118299619e-278,"4","Sox5"
"157",7.68665471247787e-281,1.99069673769556,0.609,0.246,1.54071307056906e-276,"4","Rapgef5"
"158",1.3792510593866e-258,1.33850278654486,0.815,0.48,2.76457082343449e-254,"4","2010300C02Rik"
"159",2.60520815351915e-257,1.12698327004758,0.917,0.679,5.22187922291379e-253,"4","Fat3"
"160",2.70322740786219e-251,1.64760079952631,0.656,0.304,5.41834901631897e-247,"4","Cdh7"
"161",2.2106123498277e-245,1.88571009054926,0.437,0.134,4.43095139399464e-241,"4","Hunk"
"162",2.13287000239446e-238,1.90707985280527,0.452,0.148,4.27512463279945e-234,"4","Tmem163"
"163",2.44911658285016e-225,2.15651572949902,0.364,0.103,4.90900927866486e-221,"4","Trpc6"
"164",4.14905453942462e-224,1.38019516432585,0.758,0.423,8.31636491882271e-220,"4","Pld5"
"165",8.86039150958703e-221,1.21987654436755,0.814,0.496,1.77597687418162e-216,"4","Rbms3"
"166",1.57226780010417e-218,1.5244019643934,0.577,0.238,3.1514535785288e-214,"4","Whrn"
"167",4.12163130766648e-217,1.26092619344166,0.781,0.466,8.26139779308669e-213,"4","Specc1"
"168",5.28647405951515e-214,1.52800027856914,0.549,0.22,1.05962086048922e-209,"4","Mob3b"
"169",6.07437029260427e-196,1.06453355262285,0.862,0.628,1.2175467814496e-191,"4","Focad"
"170",4.25757803838226e-193,1.15023379422979,0.78,0.499,8.53388942013341e-189,"4","Luzp2"
"171",4.10052055887624e-190,1.00046551927977,0.888,0.686,8.21908340821153e-186,"4","Kctd16"
"172",3.70623043988476e-179,1.45901210639654,0.53,0.229,7.42876829370502e-175,"4","Brinp2"
"173",5.77119143784791e-173,1.22588410279117,0.707,0.42,1.15677761180224e-168,"4","Wipf3"
"174",2.29147403748264e-172,1.24106287131715,0.686,0.389,4.5930305607302e-168,"4","Ptpn5"
"175",7.57032825594129e-163,1.73830198965117,0.339,0.112,1.51739659562087e-158,"4","Ssh1"
"176",6.93730554604356e-161,1.60152420918181,0.446,0.184,1.39051352364897e-156,"4","Lmo4"
"177",5.38959091857843e-160,1.95523021009249,0.261,0.071,1.08028960371986e-155,"4","Met"
"178",1.15626143118388e-151,1.16054501462695,0.69,0.41,2.31761041266497e-147,"4","Lrrfip1"
"179",8.09906564260221e-149,1.32499375071783,0.515,0.238,1.62337671740319e-144,"4","Trpc3"
"180",2.54267378164729e-145,1.25375639607443,0.628,0.357,5.09653532793383e-141,"4","Ptn"
"181",1.13930519646829e-130,1.07789092303905,0.679,0.423,2.28362333580104e-126,"4","Aff3"
"182",1.65651035183932e-118,2.13484254228687,0.181,0.046,3.32030934922673e-114,"4","Strip2"
"183",8.28603037799214e-114,1.22797340497666,0.517,0.277,1.66085192896475e-109,"4","AI593442"
"184",8.52245395214519e-114,2.38422350632885,0.131,0.026,1.70824067016798e-109,"4","Prss23"
"185",1.18773410340296e-113,1.08966806117885,0.533,0.281,2.3806942368609e-109,"4","Tox"
"186",2.14532240760401e-97,2.26420377102626,0.113,0.023,4.30008423380148e-93,"4","Chrne"
"187",8.55114146932613e-95,1.16606438855237,0.494,0.278,1.71399079611173e-90,"4","Megf9"
"188",1.93427464463408e-89,1.59208932121002,0.249,0.095,3.87706009770456e-85,"4","Clic6"
"189",6.53150220115715e-86,1.86915883516678,0.157,0.045,1.30917430119994e-81,"4","Tle2"
"190",1.91577724330818e-81,1.07296217664744,0.456,0.255,3.83998390648691e-77,"4","Phactr2"
"191",4.97382956443452e-81,1.25620966313033,0.373,0.188,9.96954397895256e-77,"4","Zic4"
"192",2.13940926927476e-79,1.16206389459227,0.371,0.185,4.28823193933434e-75,"4","Wasl"
"193",2.29890429433737e-78,1.03858310152448,0.48,0.281,4.60792376756982e-74,"4","B3gat1"
"194",4.40449860354834e-74,1.60889972951055,0.276,0.125,8.82837700095228e-70,"4","Dach2"
"195",1.00590444640862e-73,2.13996765684702,0.092,0.02,2.01623487238144e-69,"4","4921539H07Rik"
"196",1.03751169234588e-72,1.26820718627469,0.315,0.151,2.07958843613809e-68,"4","Nab1"
"197",4.70206574118728e-72,1.72414942282556,0.163,0.054,9.42482057163578e-68,"4","Atp10a"
"198",2.44764261425885e-68,2.11903326871385,0.093,0.022,4.90605485602044e-64,"4","Gpr4"
"199",4.36321593466591e-68,1.12156479641064,0.379,0.206,8.74563001944436e-64,"4","Pitpnm3"
"200",7.8039528613798e-67,1.58935532528886,0.187,0.07,1.56422431153497e-62,"4","Grm4"
"201",0,1.64839261530605,0.887,0.456,0,"5","Cntn5"
"202",0,2.41966918822587,0.818,0.416,0,"5","Il1rapl2"
"203",4.69450674638169e-286,1.14875285836411,0.981,0.857,9.40966932244746e-282,"5","Lrp1b"
"204",1.38415557746858e-273,1.24322665567223,0.859,0.487,2.77440143947802e-269,"5","Zfp804a"
"205",1.48711448020151e-262,2.86138477769637,0.309,0.069,2.9807722641159e-258,"5","Stk31"
"206",4.34759718022012e-211,1.0423417840926,0.861,0.547,8.71432378803321e-207,"5","Arpp21"
"207",3.20746109868977e-184,1.4297231439919,0.558,0.25,6.42903502621378e-180,"5","Vat1l"
"208",3.10481455260164e-159,1.16911684394321,0.597,0.288,6.22329028923472e-155,"5","Hs3st4"
"209",5.98092188875406e-136,1.51282587805695,0.378,0.148,1.19881598338186e-131,"5","Lmo7"
"210",5.91078636138917e-107,1.1126290510025,0.442,0.211,1.18475801827685e-102,"5","Gfra1"
"211",3.71064574575913e-106,1.05973328049998,0.59,0.349,7.4376183327996e-102,"5","Syn2"
"212",3.45312855482412e-105,1.33618609938104,0.39,0.177,6.92145087528946e-101,"5","Serpine2"
"213",3.90394147047416e-100,1.04505225075965,0.501,0.264,7.8250602834184e-96,"5","Plcxd3"
"214",2.09914724326905e-95,1.30950545664344,0.362,0.165,4.20753073440849e-91,"5","Pde8b"
"215",2.93604786908139e-85,1.31011691075509,0.306,0.133,5.88501434878674e-81,"5","Xylt1"
"216",8.86536674189854e-81,1.38106209138151,0.267,0.11,1.77697410974614e-76,"5","Arap2"
"217",1.2572235197778e-77,1.65197376523336,0.185,0.063,2.51997882304263e-73,"5","Cftr"
"218",1.0082015315074e-75,1.39541662415648,0.266,0.114,2.02083914975343e-71,"5","Nell2"
"219",8.22183233188625e-74,1.63773030157795,0.179,0.062,1.64798407260328e-69,"5","Sntg2"
"220",1.53715691749463e-71,1.09007737626972,0.367,0.189,3.08107732542624e-67,"5","Pvt1"
"221",7.20726847949097e-71,1.40164515525352,0.231,0.094,1.44462489402917e-66,"5","Cxcl14"
"222",2.21731600639953e-67,1.50562291539095,0.238,0.101,4.44438820322722e-63,"5","Lrrk2"
"223",2.33301456413452e-66,1.10630926510075,0.324,0.161,4.67629439235123e-62,"5","Zfp423"
"224",2.59501919114877e-66,1.96328358912666,0.14,0.044,5.20145646673858e-62,"5","Fyb"
"225",5.53731081245596e-66,1.49925715038333,0.213,0.087,1.10989857924867e-61,"5","Prkd1"
"226",1.52659492518191e-60,1.08604378884545,0.331,0.173,3.05990686803462e-56,"5","Cnih3"
"227",1.73878232572996e-57,1.24244403863797,0.228,0.102,3.48521529369314e-53,"5","Htr4"
"228",8.01454700828629e-56,1.14079203730348,0.317,0.169,1.6064358023409e-51,"5","Ndst3"
"229",4.58539123529923e-52,2.14048082955571,0.079,0.02,9.19095819203377e-48,"5","Nts"
"230",4.16920673618333e-51,2.08138851793132,0.075,0.018,8.35675798200586e-47,"5","C230014O12Rik"
"231",3.37197147572809e-41,1.68526011161956,0.107,0.038,6.75877962594938e-37,"5","Plch1"
"232",4.35411940211863e-41,1.88345123853314,0.099,0.034,8.72739692960657e-37,"5","Kynu"
"233",7.26104658833144e-38,1.18139979332221,0.167,0.077,1.45540417816515e-33,"5","Adamts3"
"234",8.40540704645865e-38,1.51679107665392,0.122,0.049,1.68477978839217e-33,"5","Junb"
"235",1.96433067877182e-35,1.01698078304807,0.212,0.111,3.93730441253024e-31,"5","Tbc1d4"
"236",7.93925648005321e-35,1.42918889651592,0.099,0.037,1.59134456886187e-30,"5","Gucy1a3"
"237",7.6923001917386e-34,1.09141043726638,0.16,0.076,1.54184465043208e-29,"5","Sema6a"
"238",3.53629763665321e-31,1.2743557992809,0.124,0.054,7.0881549829077e-27,"5","Cdh9"
"239",4.096732839102e-31,1.09965912689878,0.178,0.092,8.21149130269606e-27,"5","Rgs2"
"240",3.56941090697039e-30,1.38006019451998,0.097,0.038,7.15452722193145e-26,"5","Penk"
"241",3.59420886128829e-25,1.10048145225461,0.144,0.074,7.20423224156625e-21,"5","Tmem56"
"242",3.94512847363591e-25,1.30798788752836,0.094,0.04,7.90761551255583e-21,"5","Sema5b"
"243",7.4856155552958e-25,1.360316615366,0.103,0.046,1.50041678190349e-20,"5","Nox4"
"244",7.85597926509532e-25,1.0557332709218,0.137,0.069,1.57465248389571e-20,"5","Kcnip3"
"245",1.01468772797505e-23,1.91601030575791,0.039,0.011,2.0338400819532e-19,"5","Cdcp1"
"246",1.73562525238438e-23,1.01438672248399,0.13,0.065,3.47888725587925e-19,"5","Fbn2"
"247",8.42448067907154e-21,1.89614120002181,0.033,0.009,1.6886029073131e-16,"5","C030005K15Rik"
"248",1.21706770316878e-20,1.0595590990782,0.112,0.056,2.4394905042315e-16,"5","Etv1"
"249",7.35857276327084e-20,1.55917227752986,0.056,0.021,1.47495232467001e-15,"5","Gm5441"
"250",8.18153113979682e-20,1.3627680943601,0.074,0.032,1.63990610166087e-15,"5","Siah3"
"251",0,4.43806139908624,0.999,0.295,0,"6","Fam19a1"
"252",0,1.95768589254951,0.872,0.42,0,"6","Pld5"
"253",0,1.9148185847961,0.742,0.303,0,"6","Ntng1"
"254",0,3.21937766917101,0.488,0.112,0,"6","Dach2"
"255",3.99357185370207e-271,1.5036394945334,0.828,0.428,8.00471542356044e-267,"6","Egfem1"
"256",2.33210117538134e-216,1.07184131794539,0.955,0.795,4.67446359593436e-212,"6","Ryr3"
"257",6.5146322386917e-204,2.97973652672263,0.179,0.025,1.30579288592336e-199,"6","Crhr2"
"258",3.13384001993711e-187,1.69737770599353,0.616,0.298,6.28146893596195e-183,"6","Cdk14"
"259",6.73647821786828e-183,1.29405780489218,0.798,0.501,1.35025969398952e-178,"6","Rbms3"
"260",1.60718925854647e-182,3.49607839871925,0.117,0.011,3.22145014983054e-178,"6","Lhx2"
"261",1.03989094379e-169,2.16235643953804,0.386,0.13,2.08435740773267e-165,"6","Thsd7b"
"262",5.5184602288157e-169,1.0961089434576,0.885,0.68,1.10612016826382e-164,"6","Ncdn"
"263",7.65403901371873e-160,1.71684727639995,0.54,0.248,1.53417557990978e-155,"6","4933427D14Rik"
"264",7.06565864900694e-154,1.38658999546586,0.738,0.474,1.41624061960695e-149,"6","Specc1"
"265",1.21402006586649e-140,1.06398660602428,0.891,0.756,2.4333818200228e-136,"6","Ppm1e"
"266",1.48626660227465e-140,1.70118735032497,0.471,0.203,2.97907277759931e-136,"6","Stac2"
"267",6.23434716616148e-136,2.80777937343374,0.139,0.022,1.24961254598541e-131,"6","Chrne"
"268",7.1062469847302e-129,1.59600301652197,0.419,0.171,1.42437614561932e-124,"6","Kcnh1"
"269",3.11445077724466e-126,1.35289474427703,0.66,0.395,6.24260513790919e-122,"6","Ptpn5"
"270",2.50177125623936e-125,1.35154834662757,0.519,0.247,5.01455030600618e-121,"6","Whrn"
"271",5.13580183759056e-123,1.198376524178,0.692,0.425,1.02942012032665e-118,"6","Wipf3"
"272",2.81085574977075e-121,1.07499540278285,0.745,0.489,5.63407926484049e-117,"6","2010300C02Rik"
"273",2.3814518177995e-120,1.15025434403076,0.726,0.487,4.77338202359731e-116,"6","Syt7"
"274",6.4697023071374e-113,1.13079365177492,0.73,0.491,1.29678713044262e-108,"6","Prkca"
"275",6.99436607573943e-112,2.03792372812561,0.231,0.067,1.40195073622121e-107,"6","Kcnh8"
"276",1.14157254976e-105,3.2692131312268,0.072,0.008,2.28816801873894e-101,"6","Gpr139"
"277",2.47069736340584e-103,1.66202068312218,0.478,0.256,4.95226579521067e-99,"6","Nebl"
"278",4.98915476597913e-103,1.11625078938512,0.602,0.343,1.00002618129286e-98,"6","Rap1gap"
"279",3.31896162743135e-101,2.68992667969206,0.114,0.02,6.65252668602339e-97,"6","Col18a1"
"280",7.2796248802365e-101,1.95124461293683,0.226,0.069,1.4591280109946e-96,"6","Grm4"
"281",1.29809224996754e-99,1.09389866771166,0.606,0.354,2.60189610583493e-95,"6","Enox1"
"282",2.31131082086315e-99,2.4741330539786,0.135,0.028,4.6327914093381e-95,"6","Dock5"
"283",1.70865382031519e-96,1.54195805184764,0.355,0.151,3.42482571743976e-92,"6","Fstl1"
"284",1.98606246730927e-91,1.30643097368729,0.46,0.235,3.98086360947471e-87,"6","Ephb1"
"285",3.0874305511523e-89,1.46889822353985,0.402,0.193,6.18844579672966e-85,"6","Stac"
"286",4.26969409121177e-88,1.22555431978449,0.524,0.297,8.55817483642487e-84,"6","Hectd2"
"287",9.04519035837847e-87,2.17440118170843,0.18,0.052,1.81301795543338e-82,"6","Lama3"
"288",9.81479258257271e-76,1.17864605408018,0.471,0.264,1.96727702525087e-71,"6","Gda"
"289",3.85601751899389e-71,2.47704026723086,0.142,0.04,7.72900151507136e-67,"6","Ccdc141"
"290",1.63157185104121e-61,1.75025212613778,0.165,0.056,3.27032261822701e-57,"6","Atp10a"
"291",2.79182498774008e-58,1.12028373016447,0.362,0.19,5.59593400542621e-54,"6","Kcnn3"
"292",5.57709704523485e-58,1.17663650075591,0.273,0.123,1.11787333174687e-53,"6","Sdk2"
"293",6.47009441881741e-58,1.7172757951124,0.134,0.041,1.29686572530776e-53,"6","Calb1"
"294",1.66712321315622e-55,1.13802857260273,0.312,0.155,3.34158176845033e-51,"6","Cotl1"
"295",4.00001526653444e-51,1.14721950633448,0.327,0.174,8.01763060024164e-47,"6","Smc5"
"296",6.69620750448e-51,1.29531443392933,0.282,0.14,1.34218783219797e-46,"6","Cacng5"
"297",5.08074351456992e-50,1.41299313528226,0.186,0.075,1.01838423006039e-45,"6","Sema6a"
"298",3.70719248788628e-48,2.28044594273638,0.084,0.021,7.43069662271926e-44,"6","4921539H07Rik"
"299",6.99621815076037e-48,2.70724993711518,0.047,0.007,1.40232196613841e-43,"6","Gm38101"
"300",2.47888461373178e-46,2.64524497037135,0.049,0.008,4.96867631976397e-42,"6","Notch4"
"301",0,2.09708626640844,0.712,0.277,0,"7","Zfp804b"
"302",2.22249975266596e-283,1.13090198992366,0.992,0.97,4.45477850424365e-279,"7","Ctnna2"
"303",2.28159093177217e-271,2.29466806491025,0.481,0.135,4.57322086364414e-267,"7","Elavl2"
"304",3.27172927347565e-236,1.5935828616664,0.765,0.397,6.5578541557546e-232,"7","Brinp3"
"305",6.26237561380558e-219,1.58291051358408,0.798,0.469,1.25523056803119e-214,"7","Cntn5"
"306",6.14976569374327e-167,3.27042746339503,0.145,0.019,1.2326590356539e-162,"7","Otx2os1"
"307",4.27217976082721e-165,1.03391729677503,0.88,0.635,8.56315711260205e-161,"7","Ntm"
"308",4.94641519093526e-138,2.88997586444662,0.158,0.028,9.91459460871064e-134,"7","Fibcd1"
"309",8.52349854577545e-123,1.19713211226802,0.672,0.405,1.70845004851523e-118,"7","Htr2c"
"310",1.0114455906634e-120,2.61135756339437,0.155,0.03,2.02734154192572e-116,"7","Ecel1"
"311",2.41249216734197e-118,2.32844540146473,0.203,0.05,4.83559930022025e-114,"7","Cdh9"
"312",1.38951396378478e-100,1.32584269801187,0.649,0.421,2.78514178901021e-96,"7","Sgcz"
"313",8.48429441262325e-100,1.15974776693343,0.598,0.344,1.7005919720662e-95,"7","Cdh10"
"314",1.16608895494811e-98,2.50983151197315,0.189,0.051,2.33730870129799e-94,"7","Rmst"
"315",2.00998786309463e-93,1.29141006192564,0.436,0.206,4.02881967278687e-89,"7","Csmd2"
"316",2.48731434054944e-91,1.28893546356251,0.534,0.303,4.9855728641973e-87,"7","Dab1"
"317",7.02687887802472e-84,1.96327349920494,0.276,0.108,1.40846760231127e-79,"7","Csgalnact1"
"318",1.01535228991266e-73,1.67092875754124,0.259,0.102,2.03517212990093e-69,"7","Prr16"
"319",1.80131143423473e-65,1.40169252872729,0.374,0.193,3.61054863878009e-61,"7","Nell1"
"320",8.18068183258379e-63,1.27196121242912,0.404,0.221,1.6397358665231e-58,"7","Sdk1"
"321",1.81693062006175e-62,1.29271556728271,0.614,0.459,3.64185573485178e-58,"7","Mgat4c"
"322",1.98224187600321e-62,2.21202006693864,0.105,0.025,3.97320561626084e-58,"7","Dlk1"
"323",2.05098441906594e-60,2.62374483217665,0.063,0.01,4.11099316957577e-56,"7","Ptpru"
"324",3.8153817804059e-60,2.40306095561697,0.085,0.018,7.64755124064559e-56,"7","Cartpt"
"325",1.20502230954066e-59,1.00290670975085,0.53,0.34,2.4153467172433e-55,"7","Fstl5"
"326",1.74028852471913e-58,2.00993521628707,0.228,0.096,3.48823431894702e-54,"7","Kctd8"
"327",1.93530746501509e-58,1.31922426079207,0.289,0.134,3.87913028287624e-54,"7","Ptprm"
"328",1.30853009410236e-56,1.38806091448781,0.315,0.158,2.62281772061878e-52,"7","Dpyd"
"329",1.1158737582477e-54,1.88208795501631,0.126,0.037,2.23665736103169e-50,"7","Penk"
"330",2.08572530530825e-53,3.03718951314201,0.045,0.006,4.18062780195985e-49,"7","Asb4"
"331",2.4455860460626e-48,1.1487980189935,0.311,0.161,4.90193267072787e-44,"7","Crim1"
"332",3.07330800874791e-47,1.49161088856512,0.177,0.07,6.16013857273431e-43,"7","Baiap3"
"333",6.40379098257306e-43,1.67832153328923,0.15,0.057,1.28357586454694e-38,"7","Samhd1"
"334",3.2342710293542e-42,1.09384819781227,0.3,0.16,6.48277285123755e-38,"7","Clstn2"
"335",7.53343603431898e-41,1.22242595545499,0.281,0.15,1.5100019187189e-36,"7","Tmem132d"
"336",1.75318449186602e-40,1.03157559756408,0.364,0.217,3.51408299549625e-36,"7","Apba1"
"337",7.02395191786441e-40,1.13344247610701,0.253,0.127,1.40788092241674e-35,"7","Prlr"
"338",2.12605728369327e-39,1.36002334942622,0.208,0.098,4.26146921943479e-35,"7","Cxcl14"
"339",4.31428039266314e-39,1.98996090571364,0.088,0.026,8.647543619054e-35,"7","Tmem200a"
"340",5.18794303830166e-35,1.75585429056527,0.083,0.025,1.03987130259718e-30,"7","Peg10"
"341",7.65124516629586e-35,1.75686866574567,0.135,0.055,1.53361558113234e-30,"7","Esr1"
"342",9.9228470113691e-33,1.42289212753854,0.153,0.067,1.98893545495882e-28,"7","Oprm1"
"343",4.8687244470775e-32,1.5439520939418,0.122,0.048,9.75887128172213e-28,"7","Cldn34c1"
"344",2.140765446726e-31,1.45223527411976,0.485,0.369,4.2909502614176e-27,"7","Gpc5"
"345",4.91460933190807e-31,1.00093857522229,0.258,0.144,9.85084294487653e-27,"7","Resp18"
"346",4.44492221815361e-30,1.27456384605543,0.147,0.066,8.90940209406709e-26,"7","Gm38505"
"347",1.12684576222786e-28,1.29928139523317,0.178,0.088,2.25864964580953e-24,"7","Tmtc2"
"348",3.2605762076761e-27,1.24059738371252,0.188,0.098,6.53549895066597e-23,"7","Cdh6"
"349",6.28889066727841e-25,1.05358709195673,0.168,0.085,1.26054524534928e-20,"7","Tmem255a"
"350",2.33350601839623e-24,1.29701883226741,0.126,0.058,4.67727946327341e-20,"7","P3h2"
"351",1.24392498539112e-274,1.15295171522101,0.994,0.856,2.49332324071797e-270,"8","Plcb1"
"352",2.91360032739001e-200,2.07339228453078,0.627,0.272,5.84002049622054e-196,"8","Thsd7a"
"353",6.13814288068937e-189,2.28841920379184,0.314,0.068,1.23032935900538e-184,"8","Col15a1"
"354",1.39474770972527e-156,1.23760601833167,0.756,0.395,2.79563230937333e-152,"8","Nfib"
"355",8.56428735144191e-156,1.13680327197848,0.848,0.501,1.71662575672302e-151,"8","Trhde"
"356",6.27163382758092e-126,1.67767002632611,0.412,0.147,1.25708628440032e-121,"8","Scn9a"
"357",8.28099802934904e-106,1.10281218784843,0.605,0.3,1.65984324500272e-101,"8","Pde1a"
"358",1.30649663088722e-104,1.93619216421115,0.281,0.086,2.61874184695033e-100,"8","Gm13481"
"359",7.22677403823981e-104,2.00075787389841,0.252,0.072,1.44853458822479e-99,"8","Wfs1"
"360",1.47487329001443e-103,1.20199772130413,0.635,0.343,2.95623602250493e-99,"8","Ankfn1"
"361",1.8317188461107e-95,1.67972638998345,0.335,0.122,3.67149725514429e-91,"8","Sdk2"
"362",3.02738770244631e-93,1.03083119923939,0.793,0.539,6.06809591078338e-89,"8","Pcdh7"
"363",4.63639467509051e-89,1.06508563880381,0.595,0.316,9.29318948675142e-85,"8","Plxdc2"
"364",2.6274072384175e-88,1.03454970598072,0.57,0.289,5.26637506868404e-84,"8","Ano2"
"365",9.26896213067163e-88,1.15815977097393,0.519,0.256,1.85787076947182e-83,"8","Slit3"
"366",3.08328807453362e-86,1.74622511518155,0.291,0.103,6.18014261659519e-82,"8","Dchs2"
"367",1.48239993386618e-78,1.67440616526223,0.264,0.092,2.97132242744138e-74,"8","A930011G23Rik"
"368",1.22992784847282e-75,1.06907096001128,0.486,0.243,2.46526737947892e-71,"8","Adamtsl1"
"369",3.51488674675304e-71,1.47870325473145,0.273,0.101,7.04523899519179e-67,"8","Grik4"
"370",1.26287889353859e-66,1.1250472962676,0.414,0.201,2.53131445420875e-62,"8","Nnat"
"371",1.60363749982487e-65,1.60078506726941,0.219,0.075,3.21433100464896e-61,"8","Sv2b"
"372",5.45481497537144e-63,1.16069138415548,0.386,0.183,1.09336311366345e-58,"8","Serpine2"
"373",1.57211398474621e-60,1.13767279664483,0.454,0.245,3.1511452710253e-56,"8","Sh3kbp1"
"374",9.98639204012235e-58,1.25209431073141,0.278,0.115,2.00167242052212e-53,"8","Cald1"
"375",2.63851051276234e-57,1.81850663509183,0.15,0.044,5.28863047178084e-53,"8","Slc26a4"
"376",5.94356410952527e-57,1.03511806980745,0.467,0.26,1.19132799011325e-52,"8","Nebl"
"377",1.6086828305802e-56,1.49711822949229,0.215,0.079,3.22444386561495e-52,"8","Plekhh2"
"378",1.94739914860299e-48,1.07047122707344,0.362,0.187,3.90336685345983e-44,"8","Epb41l4b"
"379",5.74570199953956e-48,1.26150647388279,0.234,0.098,1.15166850878771e-43,"8","Ablim2"
"380",3.26940056376538e-46,1.42783952139468,0.203,0.08,6.55318649001132e-42,"8","Ntf3"
"381",1.51675906629696e-45,1.16075638359415,0.296,0.142,3.04019187248562e-41,"8","Gas7"
"382",3.19673006520806e-43,1.07221218471092,0.337,0.176,6.40752574270303e-39,"8","Ptprk"
"383",3.83770517431011e-43,1.2161727115859,0.243,0.108,7.69229625138719e-39,"8","Tmeff1"
"384",2.25721404109313e-41,2.19044318224624,0.074,0.017,4.52435982396707e-37,"8","4931429P17Rik"
"385",5.98719966793941e-39,1.87417081020683,0.094,0.026,1.20007430144178e-34,"8","Kcnh3"
"386",9.73817535310441e-37,2.12584535387608,0.094,0.027,1.95191986777625e-32,"8","Pdzrn3"
"387",2.1354057480161e-32,1.17194176846553,0.29,0.161,4.28020728132346e-28,"8","Dpyd"
"388",6.80955673046688e-32,1.27965236264598,0.158,0.066,1.36490755105478e-27,"8","Cacng4"
"389",7.69070357394418e-32,1.65628363842518,0.107,0.036,1.54152462436137e-27,"8","Htr1b"
"390",1.63881803571415e-31,1.14541591311861,0.204,0.096,3.28484687078543e-27,"8","Tle1"
"391",3.17557476812776e-31,2.32302915572885,0.046,0.009,6.36512206523528e-27,"8","6430628N08Rik"
"392",3.83893016227374e-31,1.16427494036993,0.203,0.096,7.69475161726149e-27,"8","March4"
"393",1.73214116680021e-30,2.26962794051616,0.049,0.01,3.47190375473434e-26,"8","Rasl11a"
"394",2.01740317424168e-30,1.16891730598718,0.253,0.135,4.04368292245003e-26,"8","Klhl1"
"395",5.59340173460538e-30,1.11098940797917,0.213,0.105,1.1211414436843e-25,"8","Gulp1"
"396",3.53470632461007e-28,1.08740378998346,0.224,0.116,7.08496535704842e-24,"8","Mei4"
"397",1.21749822531678e-27,1.89793157533562,0.074,0.022,2.44035344282495e-23,"8","Atp6v1c2"
"398",3.3740594952127e-27,1.14614105730201,0.148,0.064,6.76296485220434e-23,"8","Gnb4"
"399",7.31468413129114e-27,1.32565295771289,0.125,0.05,1.466155287276e-22,"8","Rab3ip"
"400",2.76441619375894e-26,1.96829588792438,0.059,0.016,5.54099581877042e-22,"8","Rasgef1b"
"401",0,2.96156751914261,0.688,0.162,0,"9","Gpc3"
"402",0,2.23041631206339,0.709,0.198,0,"9","Stac2"
"403",0,2.90664790980349,0.723,0.218,0,"9","Pde1c"
"404",0,2.86068622979637,0.643,0.143,0,"9","Fgf13"
"405",0,2.44945055740814,0.569,0.125,0,"9","Ptprm"
"406",7.13574544391481e-296,1.92730295507915,0.916,0.488,1.43028881677828e-291,"9","Prkca"
"407",7.47868144882309e-285,2.3007644134919,0.647,0.187,1.4990269096021e-280,"9","Stac"
"408",8.74023576231577e-276,1.76005617014329,0.914,0.471,1.75189285619857e-271,"9","Hs6st3"
"409",1.20915314524383e-256,2.07988987692626,0.688,0.226,2.42362656432674e-252,"9","Mob3b"
"410",1.00805059929479e-235,1.32983603311017,0.974,0.693,2.02053662122648e-231,"9","Kcnq5"
"411",2.40015322872948e-226,3.58009506490019,0.198,0.02,4.81086713166536e-222,"9","Tacr1"
"412",5.74747533718682e-223,2.17758440047267,0.57,0.172,1.15202395658573e-218,"9","Itpr1"
"413",1.71913877519329e-220,1.89257090995449,0.682,0.247,3.44584176099743e-216,"9","Whrn"
"414",4.4869623873274e-220,2.07161115878916,0.685,0.263,8.99366740915904e-216,"9","Pcp4"
"415",4.82310301408439e-201,1.45149506760145,0.904,0.542,9.66742768143076e-197,"9","Cntnap5a"
"416",1.72473546138255e-194,1.67676485981592,0.758,0.336,3.45705975879518e-190,"9","Sox5"
"417",8.55711636410273e-193,1.41706696796137,0.883,0.505,1.71518840402075e-188,"9","Rbms3"
"418",3.05785524107532e-186,1.37645299501728,0.846,0.432,6.12916504521138e-182,"9","Pld5"
"419",1.57818074427168e-184,1.06794967498857,0.975,0.798,3.16330548381816e-180,"9","Ryr3"
"420",8.92290083304983e-184,2.48228754939982,0.423,0.113,1.78850624297651e-179,"9","Dach1"
"421",4.74620921693813e-173,1.72692952515111,0.815,0.508,9.51330175443078e-169,"9","Luzp2"
"422",5.56095616192968e-160,1.43495381477065,0.817,0.467,1.11463805309719e-155,"9","Kcnt2"
"423",3.20514417863684e-157,1.35432220270744,0.823,0.45,6.42439099165968e-153,"9","Pam"
"424",6.4061370529542e-157,2.55832581683235,0.229,0.039,1.28404611089414e-152,"9","Calb1"
"425",3.97807632667124e-155,1.08479132629238,0.945,0.757,7.97365618917983e-151,"9","Ppm1e"
"426",1.30204226992911e-146,1.74620614461419,0.585,0.238,2.6098135258459e-142,"9","Brinp2"
"427",2.11220675575231e-144,1.29747607928881,0.823,0.492,4.23370722122992e-140,"9","2010300C02Rik"
"428",3.89583255370334e-144,1.45571901978159,0.742,0.398,7.80880677064298e-140,"9","Ptpn5"
"429",2.21797706330538e-142,1.83577866328454,0.52,0.193,4.4457132256893e-138,"9","Tiam1"
"430",1.11256874392814e-140,3.26829871281155,0.149,0.019,2.23003279032956e-136,"9","Rai14"
"431",2.27904773489531e-128,1.62423442775602,0.566,0.236,4.56812327982416e-124,"9","Ephb1"
"432",9.02081842634647e-126,1.45628213651067,0.691,0.358,1.80813284537689e-121,"9","Plcb4"
"433",1.11212767344945e-120,3.24530925449401,0.128,0.016,2.22914870866208e-116,"9","A630012P03Rik"
"434",2.42025238441295e-120,1.37073529094964,0.729,0.419,4.85115387931732e-116,"9","Lrrfip1"
"435",7.46133358262886e-118,3.26907117498432,0.123,0.015,1.49554970330213e-113,"9","Slco1c1"
"436",2.36526607380888e-113,2.20772861449687,0.338,0.104,4.74093931834253e-109,"9","Nckap5"
"437",7.3268995872885e-111,2.40480280365001,0.231,0.053,1.46860375327611e-106,"9","Lama3"
"438",2.03218461285503e-105,1.65554983416861,0.463,0.185,4.07331083800662e-101,"9","Fhod3"
"439",2.64530967431471e-105,2.81758103576945,0.173,0.033,5.30225871119641e-101,"9","Gm14582"
"440",7.22003061847547e-105,1.67137252942878,0.469,0.189,1.44718293716722e-100,"9","Kcnn3"
"441",2.78921199802192e-104,3.86718817157479,0.068,0.005,5.59069652883514e-100,"9","Gm8239"
"442",8.42112412166905e-104,1.07399574643898,0.846,0.681,1.68793011894734e-99,"9","Prkce"
"443",4.66040412839558e-103,2.18212938800174,0.239,0.059,9.3413140349561e-99,"9","Slc12a8"
"444",4.70840615531061e-100,1.70585727597462,0.548,0.272,9.43752929770459e-96,"9","Fam19a2"
"445",2.34277930251969e-99,1.20142345514708,0.744,0.476,4.69586683397046e-95,"9","Frmd5"
"446",3.26216067888149e-99,2.01035106010949,0.341,0.114,6.53867486475007e-95,"9","Trpc6"
"447",1.31287271230811e-97,1.39454613982971,0.536,0.247,2.63152206455038e-93,"9","Trpc3"
"448",1.60288375264317e-85,1.05005436082142,0.75,0.48,3.21282019379797e-81,"9","Cdh11"
"449",1.27908096344945e-84,2.68995793177307,0.113,0.018,2.56378988313808e-80,"9","Lmo1"
"450",1.21908144351088e-83,2.45636924854342,0.137,0.025,2.4435268453732e-79,"9","Chrne"
"451",0,1.62264018395463,1,0.854,0,"10","Grm7"
"452",4.3893441120027e-229,2.90322484561151,0.361,0.068,8.79800133809821e-225,"10","Megf11"
"453",5.26458541584824e-221,1.49597938012209,0.891,0.473,1.05523350075262e-216,"10","Hs6st3"
"454",7.98764016876793e-209,1.49468516739274,0.929,0.633,1.60104259542784e-204,"10","Galntl6"
"455",5.74881354264861e-199,1.58073664985607,0.823,0.402,1.15229218648849e-194,"10","Brinp3"
"456",5.5945076934738e-192,1.78150605622763,0.791,0.406,1.12136312207989e-187,"10","Htr2c"
"457",1.63422008713833e-155,1.62039851028912,0.739,0.378,3.27563074266006e-151,"10","Tcf4"
"458",1.15504906186214e-151,1.78994591828298,0.757,0.434,2.31518033959647e-147,"10","Il1rapl2"
"459",1.38121064736841e-151,1.195408332381,0.911,0.688,2.76849862158525e-147,"10","Kcnip4"
"460",6.1530186750889e-144,1.9909956568144,0.403,0.118,1.23331106323482e-139,"10","Zfp536"
"461",1.10737404166961e-140,1.77710822748474,0.77,0.456,2.21962052912257e-136,"10","Mgat4c"
"462",2.40914978666919e-118,1.71211444316915,0.427,0.145,4.82889983239972e-114,"10","Elavl2"
"463",7.83238138320864e-113,2.55667548068022,0.197,0.038,1.56992252445034e-108,"10","Tmem132c"
"464",1.64196204393929e-110,1.37541403543912,0.654,0.339,3.29114872087191e-106,"10","Fstl5"
"465",6.18598790749208e-105,1.66786777139135,0.499,0.211,1.23991941617771e-100,"10","Hs3st5"
"466",2.88601295360581e-101,2.30728111586946,0.298,0.09,5.78472436420749e-97,"10","Sema3a"
"467",2.60419788130846e-100,2.36569943761361,0.212,0.048,5.21985423329467e-96,"10","Elfn1"
"468",1.14654135415164e-97,1.20752779807625,0.804,0.525,2.29812749026155e-93,"10","Asic2"
"469",2.64013674508444e-95,1.18300359792377,0.707,0.401,5.29189009184725e-91,"10","Nfib"
"470",2.98580312766712e-95,1.42200436063333,0.714,0.459,5.98474378909597e-91,"10","Oxr1"
"471",5.28795582808261e-89,2.90618619857305,0.158,0.031,1.05991786618088e-84,"10","Angpt1"
"472",8.77150043845579e-87,1.25687413455989,0.66,0.378,1.75815954788408e-82,"10","Sema5a"
"473",4.8884830660856e-85,1.21885768184021,0.682,0.429,9.79847545766197e-81,"10","Ncald"
"474",7.22233576354976e-81,1.00737307494512,0.79,0.536,1.44764498044591e-76,"10","Stxbp5l"
"475",1.67881233976262e-74,1.04599243540981,0.729,0.507,3.3650114538202e-70,"10","Zfp804a"
"476",1.45250369289687e-73,1.24736244665506,0.452,0.203,2.91139840204248e-69,"10","Mef2c"
"477",2.35939926694139e-68,1.33664892718477,0.366,0.149,4.72917989065733e-64,"10","Tmem132d"
"478",6.0991727240899e-68,2.16110157996648,0.177,0.046,1.22251818081658e-63,"10","Dpf3"
"479",1.05410079427397e-56,1.07828464415711,0.401,0.188,2.11283963204275e-52,"10","Alk"
"480",2.23959043098481e-56,1.17025335530551,0.429,0.211,4.48903505986596e-52,"10","Csmd2"
"481",5.25811369909923e-56,1.10076863721509,0.54,0.314,1.05393630984745e-51,"10","Slc35f4"
"482",6.34271594555352e-55,1.59389024058658,0.251,0.094,1.27133398412675e-50,"10","Ablim1"
"483",1.09823468767599e-48,1.01453094858681,0.557,0.338,2.20130160797775e-44,"10","A330008L17Rik"
"484",1.29863767743472e-48,1.07497871576679,0.47,0.261,2.60298936065016e-44,"10","Sez6"
"485",4.29032046338638e-47,1.06349640775453,0.55,0.347,8.59951833681167e-43,"10","Rab3c"
"486",3.08652093430676e-46,1.71351048268209,0.168,0.054,6.18662256072446e-42,"10","Vwc2"
"487",5.80286583105166e-45,2.95283496975338,0.05,0.007,1.16312642717599e-40,"10","Grhl3"
"488",5.21627534302542e-42,1.12681841724096,0.353,0.177,1.04555022975601e-37,"10","Adcy8"
"489",3.07228678725008e-40,1.10399684157641,0.274,0.122,6.15809163636406e-36,"10","Runx1t1"
"490",7.93310912830356e-40,1.58514352805465,0.241,0.104,1.59011239367717e-35,"10","Gulp1"
"491",5.57096183176566e-39,1.06971761205157,0.412,0.234,1.11664358955911e-34,"10","Gramd1b"
"492",5.23893675837077e-34,1.57825993714164,0.164,0.062,1.05009248384784e-29,"10","Slc12a8"
"493",1.53627564020755e-33,2.12313887994137,0.082,0.021,3.07931089323201e-29,"10","Igfbp5"
"494",1.21700993603689e-32,1.06896443381013,0.324,0.173,2.43937471579234e-28,"10","Khdrbs3"
"495",1.22323888835022e-30,1.98236764235752,0.082,0.022,2.45186002780919e-26,"10","Crtac1"
"496",3.43278710230041e-29,2.07449213673588,0.121,0.043,6.88067846785095e-25,"10","Phex"
"497",3.51957843431393e-29,1.56975737041,0.134,0.049,7.05464301373883e-25,"10","Cldn34c1"
"498",9.38789666759276e-29,1.43187689595702,0.168,0.07,1.88171000805229e-24,"10","Kcnip3"
"499",1.33326688025857e-27,2.10762588057005,0.063,0.015,2.67240013479028e-23,"10","Htr1a"
"500",2.58592638557259e-26,1.25321906036608,0.209,0.1,5.18323084724169e-22,"10","Cxcl14"
"501",0,3.29544281868842,0.374,0.048,0,"11","Etv1"
"502",9.85576520804711e-275,1.93276839620208,0.798,0.281,1.97548957830096e-270,"11","Tox"
"503",5.36335752254606e-261,1.46733027414514,0.979,0.73,1.07503138181913e-256,"11","Gria3"
"504",6.02418519230977e-251,2.37992704438196,0.544,0.137,1.20748767994657e-246,"11","Iqgap2"
"505",5.10168454993833e-237,1.36734973477287,0.964,0.591,1.02258165118964e-232,"11","Erbb4"
"506",1.8115151014868e-214,1.83626374873135,0.683,0.237,3.63100086942014e-210,"11","Chrm2"
"507",5.17123359078726e-202,1.20417621182284,0.981,0.71,1.0365220609374e-197,"11","March1"
"508",7.91712894584631e-201,1.03986633773916,0.999,0.946,1.58690932590543e-196,"11","Pcdh9"
"509",4.4156351537783e-152,2.51843376708279,0.269,0.052,8.85069910223323e-148,"11","Styk1"
"510",9.8845447532866e-147,1.95230918071937,0.428,0.127,1.98125815034877e-142,"11","Sst"
"511",1.07036096302744e-145,1.21606937776931,0.867,0.494,2.14543151429219e-141,"11","Ncam2"
"512",6.6074266199201e-144,1.70019548154083,0.708,0.363,1.32439259169679e-139,"11","Inpp4b"
"513",2.93083293883843e-139,2.53361743874235,0.243,0.046,5.87456154260775e-135,"11","Plpp4"
"514",1.72413021281357e-119,1.20649569564951,0.801,0.469,3.45584659856351e-115,"11","Kcnt2"
"515",1.45246485131523e-115,1.33665940998969,0.751,0.441,2.91132054797624e-111,"11","Ptprt"
"516",3.84333974885336e-115,2.25318702878501,0.239,0.052,7.70359019260167e-111,"11","Tox3"
"517",1.75012519888576e-100,1.25483581746909,0.818,0.578,3.50795094864661e-96,"11","Nrg1"
"518",2.69811683968163e-91,2.37966830002136,0.23,0.058,5.40810539345786e-87,"11","Tll1"
"519",3.9027158496042e-91,1.95208080952267,0.336,0.113,7.82260364894666e-87,"11","Enpp2"
"520",2.58309820265909e-81,1.44683479045959,0.394,0.152,5.17756203740988e-77,"11","Necab1"
"521",8.27233421629578e-72,1.14785224391939,0.634,0.374,1.65810667031433e-67,"11","Pdzd2"
"522",3.64451126986617e-67,1.17174709489571,0.514,0.258,7.30505838931976e-63,"11","Hs3st2"
"523",4.55882543539704e-67,2.33398856759804,0.15,0.034,9.13770970270982e-63,"11","9330158H04Rik"
"524",3.24463242000545e-61,1.03004603042262,0.463,0.219,6.50354122265892e-57,"11","Gfra1"
"525",3.06809543380947e-59,2.07520298013761,0.167,0.045,6.14969048752771e-55,"11","Tgfb2"
"526",3.67150325182764e-57,1.13269868531844,0.452,0.222,7.35916111796332e-53,"11","Hdac9"
"527",3.29596968318887e-55,1.37722775009781,0.346,0.152,6.60644163298378e-51,"11","4930590L20Rik"
"528",2.03430423207547e-51,1.17940645861041,0.429,0.219,4.07755940277206e-47,"11","Gm29478"
"529",2.38950280153445e-49,1.18247758421016,0.386,0.187,4.78951941539565e-45,"11","Slc16a11"
"530",7.60292796932982e-49,1.26788366538004,0.327,0.145,1.52393088217247e-44,"11","Cnr1"
"531",7.77328958143125e-47,1.04679388483689,0.457,0.247,1.55807816370208e-42,"11","Adamtsl1"
"532",9.71606469014501e-47,1.01830069537435,0.456,0.247,1.94748800649267e-42,"11","Rerg"
"533",2.56073759103548e-46,1.2866913892572,0.403,0.216,5.13274242747152e-42,"11","Hs3st5"
"534",1.96532932827429e-45,1.10800022384128,0.562,0.369,3.93930610559299e-41,"11","Gpc5"
"535",8.9668697863381e-43,2.49313471396037,0.151,0.048,1.79731937997361e-38,"11","Agmo"
"536",6.76429547400711e-42,2.56421781202185,0.081,0.016,1.35583538480998e-37,"11","Lrp4"
"537",6.95016842209914e-42,1.52907804689424,0.187,0.066,1.39309175852555e-37,"11","Slc6a11"
"538",1.86502292535908e-39,1.16060100833047,0.338,0.167,3.73825195158974e-35,"11","Man2a1"
"539",8.15531078751614e-39,1.11467156626219,0.343,0.174,1.63465049424974e-34,"11","Sv2c"
"540",1.8401681512774e-38,1.14738252897653,0.321,0.157,3.68843304242042e-34,"11","Fstl1"
"541",2.09706360002285e-38,1.12317757136089,0.356,0.184,4.2033542798858e-34,"11","Sorl1"
"542",1.65666427484897e-33,1.1202343553109,0.293,0.145,3.32061787250728e-29,"11","Sec14l1"
"543",2.28815695043679e-33,1.09724025920908,0.272,0.13,4.58638179145551e-29,"11","Grm3"
"544",7.15038167368626e-33,1.84750198061252,0.098,0.027,1.43322250267367e-28,"11","Rab38"
"545",4.69503368535249e-32,1.04570777549856,0.285,0.14,9.41072551892054e-28,"11","Glra2"
"546",5.99563103313474e-32,1.08824142677605,0.32,0.169,1.20176428428153e-27,"11","Tmtc1"
"547",2.36345430749658e-30,1.06983688137679,0.229,0.105,4.73730781394614e-26,"11","Synpr"
"548",1.22431232920826e-29,1.02311601857044,0.299,0.156,2.45401163266503e-25,"11","Far2"
"549",2.53475664318404e-28,1.08472287067596,0.271,0.138,5.08066621559809e-24,"11","St8sia6"
"550",1.7201130477832e-27,1.12887218082811,0.241,0.118,3.44779459297664e-23,"11","Cald1"
"551",0,2.63067154219246,0.894,0.309,0,"12","Foxp2"
"552",0,4.1815028053035,0.61,0.062,0,"12","Ndst4"
"553",0,2.35100615815477,0.816,0.283,0,"12","Zfp804b"
"554",5.28020244695661e-303,1.77848057727198,0.979,0.637,1.05836377846798e-298,"12","Ntm"
"555",6.86927749277116e-287,2.3497507084006,0.662,0.186,1.37687798065105e-282,"12","Nell1"
"556",1.9772160373494e-251,1.75050660618572,0.923,0.534,3.96313182526314e-247,"12","Cntn3"
"557",1.25544846529925e-241,2.35946631831449,0.601,0.177,2.51642090384582e-237,"12","Cadps2"
"558",5.70765132362325e-240,1.74787644542292,0.916,0.552,1.14404163130704e-235,"12","Sgcd"
"559",4.18107342410992e-168,2.94138133424383,0.215,0.031,8.38054357128593e-164,"12","Gdpd2"
"560",2.14461123949714e-167,1.27221965718306,0.941,0.604,4.29865876844806e-163,"12","Cntn4"
"561",4.38853891880157e-157,1.9041682119245,0.537,0.202,8.79638740884587e-153,"12","Adarb2"
"562",1.8094762602139e-156,1.71933615122948,0.67,0.281,3.62691421597275e-152,"12","Cntn6"
"563",1.40050609491519e-141,1.22483750794121,0.795,0.434,2.80717441664801e-137,"12","Il1rapl2"
"564",1.84426560298305e-126,2.40833590530817,0.291,0.07,3.69664597461922e-122,"12","Gm28905"
"565",1.08468737614315e-123,1.27877297841094,0.779,0.441,2.17414737674132e-119,"12","Egfem1"
"566",3.02338611515772e-121,1.02228099597803,0.837,0.475,6.06007512922214e-117,"12","Cntn5"
"567",6.63789612339187e-121,1.25857379009887,0.798,0.447,1.33049989897267e-116,"12","Cntnap5b"
"568",1.71377810836238e-118,1.10107104242156,0.899,0.672,3.43509684040155e-114,"12","Ptprd"
"569",1.2622796277085e-117,1.76756508447331,0.387,0.118,2.53011328577893e-113,"12","Runx1t1"
"570",3.27735173590217e-117,2.52868531059069,0.209,0.04,6.5691238194423e-113,"12","Fgd5"
"571",3.07938769158727e-115,1.14933270734662,0.833,0.525,6.17232468901753e-111,"12","Asic2"
"572",1.16899184364679e-114,1.6624125256703,0.45,0.157,2.34312725140562e-110,"12","Clstn2"
"573",4.37654818574302e-104,2.47103133613233,0.177,0.032,8.7723531835033e-100,"12","Ecel1"
"574",4.31321307319723e-101,1.37961730620086,0.647,0.338,8.64540428391652e-97,"12","Cntnap5c"
"575",6.6930278372621e-97,1.66402409689022,0.444,0.174,1.34155049970082e-92,"12","Ptprk"
"576",3.17786029167906e-93,1.30262307581983,0.578,0.27,6.3697031686415e-89,"12","Plcxd3"
"577",2.50886117686062e-84,1.32852521408909,0.628,0.343,5.02876134289943e-80,"12","Pbx3"
"578",1.02533433629536e-80,1.65678365660157,0.413,0.17,2.05518014367042e-76,"12","Zfpm2"
"579",9.98856036433738e-79,1.28612313544867,0.457,0.196,2.00210703942778e-74,"12","Slit2"
"580",1.78348703236898e-77,1.58549984166742,0.412,0.171,3.57482140768038e-73,"12","Ndst3"
"581",9.05424536518759e-73,1.71600547671139,0.3,0.104,1.8148329409982e-68,"12","Htr4"
"582",1.41459697910478e-72,1.5172176591857,0.468,0.223,2.83541818491763e-68,"12","Sdk1"
"583",1.20912351330752e-68,1.04772348103772,0.384,0.156,2.4235671700736e-64,"12","Kcnc2"
"584",9.05799386756694e-67,1.43465540383887,0.4,0.175,1.81558429081512e-62,"12","March3"
"585",2.33912255989785e-65,1.57990638351282,0.314,0.118,4.68853725905925e-61,"12","Nell2"
"586",5.05472627552189e-60,2.05722312821792,0.152,0.037,1.01316933466561e-55,"12","Gucy1a3"
"587",5.73365819794277e-54,1.19011969190456,0.349,0.151,1.14925444919565e-49,"12","Olfm3"
"588",1.21137183518738e-50,1.56582026114332,0.222,0.077,2.42807370644957e-46,"12","Cntnap3"
"589",7.12508615394391e-50,1.36005858246318,0.319,0.14,1.42815226869652e-45,"12","Xylt1"
"590",7.29367487671945e-47,1.17074422552151,0.412,0.215,1.46194419228965e-42,"12","Pcdh11x"
"591",6.8743700225361e-46,1.21025111121959,0.327,0.147,1.37789872731713e-41,"12","Shisa9"
"592",3.87624819472078e-42,2.26028844931266,0.091,0.02,7.76955188149834e-38,"12","C230014O12Rik"
"593",8.22154639550247e-40,1.7457152764829,0.151,0.048,1.64792675951451e-35,"12","Lncenc1"
"594",1.88992418964301e-39,1.00165310023499,0.401,0.214,3.78816404572046e-35,"12","Gabra1"
"595",2.50783819430386e-37,2.10750530986813,0.108,0.029,5.02671087666266e-33,"12","9530026P05Rik"
"596",1.22263494167865e-35,2.14223268779094,0.121,0.036,2.45064947710069e-31,"12","Fign"
"597",1.0019338426977e-34,1.0141984077532,0.309,0.152,2.00827619430328e-30,"12","Tmem132d"
"598",1.9717186658307e-34,2.21262201568234,0.072,0.016,3.95211289379105e-30,"12","Zim1"
"599",9.64206919505105e-32,1.53565751409568,0.173,0.068,1.93265634945603e-27,"12","Cftr"
"600",2.62642539849725e-31,1.2246397422729,0.233,0.106,5.2644070687479e-27,"12","Crocc"
"601",0,2.56923445653839,0.704,0.187,0,"13","Slit2"
"602",3.67303866115742e-207,1.20650291757877,0.996,0.952,7.36223869242392e-203,"13","Cntnap2"
"603",1.68744149428162e-196,3.00384449538736,0.503,0.147,3.38230773113808e-192,"13","Gm28928"
"604",2.8884216497795e-186,1.43037024473575,0.935,0.605,5.78955235481803e-182,"13","Cntn4"
"605",1.01249546779239e-151,1.68384749256843,0.691,0.297,2.02944591564307e-147,"13","Hs3st4"
"606",2.82088876748679e-149,1.18321186252434,0.93,0.639,5.65418944555051e-145,"13","Ntm"
"607",1.74566452063016e-144,1.51499477712137,0.696,0.303,3.4990099651511e-140,"13","Dab1"
"608",1.71323011130121e-142,2.5036271009408,0.311,0.069,3.43399843509214e-138,"13","Gm28905"
"609",2.81953116517208e-140,1.70062319755843,0.903,0.69,5.65146826747092e-136,"13","Kcnip4"
"610",6.70993161477787e-132,1.8562935756711,0.475,0.157,1.34493869286608e-127,"13","Clstn2"
"611",1.62092337562652e-100,1.12802489395673,0.843,0.578,3.24897881410579e-96,"13","Nrg1"
"612",2.15095806605785e-89,1.12255724217844,0.821,0.59,4.31138034760635e-85,"13","Spock3"
"613",2.76720449649527e-83,1.40526646380673,0.575,0.285,5.54658469277512e-79,"13","Cntn6"
"614",4.38760301931618e-77,1.94236322513481,0.246,0.07,8.79451149191736e-73,"13","Baiap3"
"615",5.89298607627696e-73,1.23949396806064,0.627,0.354,1.18119012912895e-68,"13","Efna5"
"616",7.04881992021458e-72,1.23211359041741,0.662,0.396,1.41286546480781e-67,"13","Khdrbs2"
"617",1.98978768419072e-71,1.20542571226651,0.764,0.559,3.98833043419188e-67,"13","Sgcd"
"618",1.1001104981177e-70,1.54037594385066,0.391,0.162,2.20506148242711e-66,"13","Crim1"
"619",2.15551017834026e-66,2.4149452524013,0.149,0.033,4.32050460146521e-62,"13","Parm1"
"620",3.01946767991427e-66,1.85586664381498,0.268,0.09,6.05222101762017e-62,"13","Prkd1"
"621",1.11904882871985e-64,1.35351109579736,0.371,0.151,2.24302147228606e-60,"13","Olfm3"
"622",1.80300590025971e-57,1.0455001898509,0.686,0.452,3.61394502648057e-53,"13","Cntnap5b"
"623",1.57626791990316e-56,2.47802393502468,0.169,0.046,3.15947141865389e-52,"13","Tshz2"
"624",1.1278264030763e-53,1.31765421435098,0.329,0.137,2.26061524232613e-49,"13","Pde3a"
"625",1.47200675605143e-53,1.08134937891093,0.511,0.273,2.95049034182949e-49,"13","Plcxd3"
"626",1.96641219703366e-48,1.74179418341071,0.23,0.083,3.94147660773427e-44,"13","Cdh4"
"627",5.43892640152455e-46,1.23510119405447,0.442,0.237,1.09017840792158e-41,"13","Cpa6"
"628",1.03705261844755e-45,1.23719076593634,0.394,0.197,2.07866826841626e-41,"13","Nell1"
"629",1.88396740832807e-44,3.20962634442379,0.048,0.006,3.77622427325278e-40,"13","Gm37892"
"630",2.3492940694243e-43,1.016641665288,0.699,0.52,4.70892503275408e-39,"13","Kcnh7"
"631",6.56163344718715e-40,2.50983829912713,0.071,0.013,1.31521380815419e-35,"13","Vwa5b1"
"632",3.41854501412063e-37,1.36337710015511,0.248,0.106,6.85213162630338e-33,"13","Htr4"
"633",1.8581621570603e-36,1.36200433647715,0.263,0.117,3.72450022761166e-32,"13","Rps6ka5"
"634",3.62991034227513e-36,1.39646726048819,0.261,0.117,7.27579229005626e-32,"13","Grin3a"
"635",3.3671749151734e-35,2.25841341782998,0.077,0.017,6.74916539997356e-31,"13","Drd3"
"636",3.37878835224491e-34,1.30130094507604,0.262,0.121,6.77244337323969e-30,"13","Nell2"
"637",1.42706638556668e-31,2.48646654978262,0.053,0.009,2.86041186322985e-27,"13","Nkx2-1"
"638",8.99187773775908e-30,1.05446716464954,0.333,0.18,1.80233197375643e-25,"13","D430041D05Rik"
"639",9.46040416195747e-30,1.55243551614746,0.145,0.052,1.89624341022276e-25,"13","Isl1"
"640",1.18084387563541e-27,2.31362406495801,0.07,0.017,2.36688346432361e-23,"13","Lepr"
"641",6.26779396272203e-26,1.83978826457504,0.099,0.031,1.256316621888e-21,"13","Camk1"
"642",2.4172151221653e-25,2.49341931042438,0.046,0.009,4.84506599086812e-21,"13","Gm26883"
"643",1.36120017282716e-23,1.06861403489672,0.25,0.13,2.72838962641477e-19,"13","Fam184b"
"644",2.18120140249654e-23,1.0117189304556,0.297,0.166,4.37200009116407e-19,"13","Tle4"
"645",6.75093960594745e-23,1.16957881296404,0.212,0.104,1.35315833461611e-18,"13","Cntnap4"
"646",2.32376008936954e-22,1.69930264459539,0.086,0.027,4.65774472313231e-18,"13","Myo1b"
"647",6.86085604916745e-22,2.23283373558512,0.051,0.012,1.37518998649512e-17,"13","Gpx3"
"648",8.44463640164435e-22,4.06702194898099,0.012,0.001,1.69264292034559e-17,"13","Npy2r"
"649",1.03344799068307e-21,1.80922419151334,0.07,0.02,2.07144315252515e-17,"13","Sgpp2"
"650",2.27719166919468e-21,1.0225407918233,0.236,0.125,4.56440298173382e-17,"13","Runx1t1"
"651",0,3.62550372878994,0.911,0.244,0,"14","Cacna2d3"
"652",0,3.12769907770874,0.938,0.347,0,"14","Zbtb20"
"653",0,3.73085348425874,0.672,0.116,0,"14","Pde7b"
"654",0,4.34610189905372,0.551,0.052,0,"14","Rgs9"
"655",0,3.85085286115951,0.541,0.056,0,"14","Rarb"
"656",0,3.7684605841145,0.55,0.075,0,"14","Unc13c"
"657",0,4.65867854152801,0.356,0.024,0,"14","Ppp1r1b"
"658",0,4.6129869644487,0.343,0.027,0,"14","6530403H02Rik"
"659",0,4.77701280489999,0.318,0.015,0,"14","Col6a1"
"660",0,4.32226430635017,0.287,0.02,0,"14","4930448N21Rik"
"661",0,4.33140036618997,0.261,0.017,0,"14","Foxo1"
"662",0,5.13023373340172,0.242,0.011,0,"14","Scn4b"
"663",0,4.66390042036451,0.173,0.007,0,"14","Stard5"
"664",0,6.45546422187542,0.153,0.002,0,"14","Adora2a"
"665",3.43775405455225e-306,3.95592866269971,0.296,0.024,6.89063422694452e-302,"14","Gprin3"
"666",2.32906967274563e-297,4.41613790166935,0.215,0.012,4.66838725205135e-293,"14","Drd1"
"667",3.52035902451721e-294,4.62257420771068,0.176,0.008,7.0562076287423e-290,"14","Stk32a"
"668",1.54927391963404e-292,4.5743399380301,0.215,0.013,3.10536464451446e-288,"14","Tac1"
"669",1.67105989097725e-291,3.03026417818778,0.602,0.115,3.34947244547479e-287,"14","Runx1t1"
"670",9.90562475374542e-265,3.88814188029,0.261,0.022,1.98548342564073e-260,"14","Inf2"
"671",6.32683165977367e-247,3.23603427910891,0.509,0.097,1.26815013788504e-242,"14","Slc4a4"
"672",3.19063398791784e-224,2.55670010460094,0.603,0.141,6.39530676538251e-220,"14","Shisa9"
"673",1.31436936266585e-218,2.52207194237651,0.785,0.291,2.63452195052743e-214,"14","Caln1"
"674",3.57231880625053e-218,1.83151801356055,0.975,0.698,7.16035581524857e-214,"14","Kcnq5"
"675",3.51011168060937e-207,1.63375192073511,0.992,0.832,7.03566785261343e-203,"14","Kcnd2"
"676",6.26879539757192e-189,3.89506549763804,0.176,0.014,1.25651734948932e-184,"14","Kcnj4"
"677",3.41958139060894e-186,3.1682610851003,0.334,0.052,6.85420893933657e-182,"14","Gng7"
"678",4.76984874539262e-183,4.19807637918277,0.131,0.007,9.56068482526496e-179,"14","Tgfa"
"679",9.01842282137398e-182,2.54281801792537,0.708,0.268,1.8076526703162e-177,"14","Foxp1"
"680",1.04307707039509e-179,3.9597424139773,0.173,0.014,2.09074367989991e-175,"14","Crym"
"681",1.21632826332272e-173,3.04490083947987,0.306,0.046,2.43800837100406e-169,"14","Epb41"
"682",4.73145094346281e-173,4.44763749673829,0.121,0.007,9.48372027107685e-169,"14","Pdyn"
"683",8.16117037310238e-172,1.32811367757475,0.985,0.689,1.63582498958464e-167,"14","Kcnip4"
"684",6.1112980920955e-168,2.75558002872673,0.497,0.126,1.22494858957962e-163,"14","Grm3"
"685",1.14136973529859e-166,1.57241519893887,0.953,0.794,2.28776149743249e-162,"14","Lrrc4c"
"686",2.37799487492461e-156,2.69446560771876,0.378,0.076,4.76645292729888e-152,"14","Adamts3"
"687",2.49768497499658e-156,1.0237457096778,0.995,0.985,5.00635976388314e-152,"14","Phactr1"
"688",5.45892430488293e-155,1.85478152779774,0.872,0.478,1.09418678767073e-150,"14","Cntn5"
"689",4.7079367387207e-154,4.26590319300635,0.113,0.007,9.43658839909177e-150,"14","Sh3rf2"
"690",4.91119857865423e-150,4.22807111948061,0.103,0.005,9.84400643105454e-146,"14","9430020K01Rik"
"691",1.40283523566826e-148,1.68112187282543,0.903,0.579,2.81184294637347e-144,"14","Nrg1"
"692",4.1636928501339e-148,1.82451809066679,0.899,0.583,8.34570594880839e-144,"14","Pde4b"
"693",8.08153231130931e-134,2.4891719895637,0.393,0.092,1.61986233647884e-129,"14","A930011G23Rik"
"694",4.10226317218609e-132,3.57764260940176,0.24,0.037,8.22257630232979e-128,"14","Penk"
"695",7.1265522581717e-126,2.58560038589976,0.388,0.096,1.42844613462794e-121,"14","Kctd8"
"696",3.54658383329739e-124,2.4497668297597,0.39,0.096,7.10877263546128e-120,"14","Ablim2"
"697",7.15409016516447e-124,2.72457271938835,0.356,0.083,1.43396583270557e-119,"14","Pde1b"
"698",9.45714472218164e-123,2.98856524914306,0.22,0.033,1.89559008811409e-118,"14","Syt6"
"699",1.69387360315268e-121,2.98478616495358,0.245,0.041,3.39520025015923e-117,"14","Prkch"
"700",4.06075057951561e-118,1.07893028914218,0.966,0.864,8.13936846158109e-114,"14","Lrp1b"
"701",0,5.32858110151491,0.652,0.035,0,"15","Kcnmb2"
"702",0,3.06326474693339,0.984,0.377,0,"15","Tcf4"
"703",0,4.3296188416294,0.754,0.149,0,"15","Kcnc2"
"704",0,3.25831743786529,0.738,0.141,0,"15","Elavl2"
"705",0,3.30035731513394,0.67,0.129,0,"15","Ptprm"
"706",0,6.01737969335075,0.397,0.009,0,"15","Maf"
"707",0,5.03690673649253,0.394,0.027,0,"15","Col19a1"
"708",0,6.73699222724142,0.225,0.009,0,"15","Npy"
"709",1.26994976985117e-306,5.17562962478872,0.156,0.005,2.54548731868969e-302,"15","Igf1"
"710",1.32109867548451e-286,5.10666757600941,0.155,0.006,2.64801018514114e-282,"15","Moxd1"
"711",3.47958193372204e-278,4.0710097643341,0.438,0.062,6.97447402795246e-274,"15","Sox6"
"712",2.11073947891825e-251,5.3701118966182,0.116,0.003,4.23076621154374e-247,"15","Npas1"
"713",2.80172295734675e-247,5.24932451812013,0.116,0.003,5.61577349570583e-243,"15","Cort"
"714",1.897085188588e-220,5.19274098975376,0.109,0.003,3.80251755200578e-216,"15","Rbp4"
"715",3.28457402220435e-216,2.72385046450258,0.928,0.597,6.5836001701064e-212,"15","Erbb4"
"716",3.21391886866713e-215,3.60371098961422,0.271,0.028,6.44197898035639e-211,"15","Ubash3b"
"717",1.90938108120356e-209,6.50993116563447,0.097,0.003,3.82716343916442e-205,"15","Vip"
"718",1.02032537661827e-207,2.6660246768025,0.933,0.637,2.04514018489365e-203,"15","Galntl6"
"719",9.73064624354607e-203,4.71359894517365,0.121,0.005,1.95041073305637e-198,"15","Crhbp"
"720",2.2998837332602e-198,3.274492564541,0.592,0.153,4.60988695494673e-194,"15","Fgf13"
"721",1.02912098114177e-173,1.75148533599824,0.965,0.744,2.06277009460056e-169,"15","Grip1"
"722",3.20410717461653e-173,2.90021336032277,0.455,0.098,6.42231242080138e-169,"15","Cntnap4"
"723",8.62131811420553e-173,4.35679814861257,0.114,0.006,1.72805700281136e-168,"15","Plch2"
"724",5.78904945725278e-169,2.58366888744765,0.576,0.16,1.16035707321175e-164,"15","Grik1"
"725",2.48222851907533e-165,3.68793351670877,0.199,0.02,4.9753788436346e-161,"15","Adra1a"
"726",1.12409647604608e-150,3.89795903687953,0.169,0.016,2.25313897658676e-146,"15","Galnt14"
"727",1.12755162656784e-145,2.55756625147641,0.473,0.12,2.26006448029258e-141,"15","Zfp536"
"728",1.2228996662364e-143,4.36060724664287,0.141,0.011,2.45118009100425e-139,"15","Kit"
"729",3.2553774342764e-141,8.01920473475907,0.035,0,6.52507852926362e-137,"15","Tac2"
"730",1.20835243356455e-138,4.09512620639979,0.125,0.009,2.42202161783679e-134,"15","Hapln1"
"731",2.17864628038736e-138,2.93993027534109,0.308,0.055,4.36687860440842e-134,"15","Btbd11"
"732",3.09532671645864e-138,3.15770856114405,0.381,0.086,6.2042728704697e-134,"15","Gm20754"
"733",1.08121269184757e-137,3.86896209917846,0.128,0.01,2.16718271953927e-133,"15","Pde5a"
"734",8.74405519851204e-136,2.96355903725398,0.255,0.039,1.75265842398975e-131,"15","Osbpl3"
"735",1.1166347930736e-135,3.24256267995508,0.411,0.102,2.23818277923672e-131,"15","Synpr"
"736",1.71769127020968e-133,4.38984811467946,0.09,0.004,3.44294038200828e-129,"15","Prox1"
"737",1.72028236227008e-128,1.42322053120577,0.937,0.736,3.44813396693415e-124,"15","Xkr4"
"738",4.00530422888125e-126,3.42245736993828,0.167,0.018,8.02823179636958e-122,"15","Afap1"
"739",2.14857837094602e-120,2.07497781306649,0.691,0.307,4.3066104867242e-116,"15","Dab1"
"740",2.3832298317418e-120,1.84726646326222,0.714,0.326,4.77694587474326e-116,"15","Zeb2"
"741",2.53222128586028e-118,1.23236254468094,0.993,0.953,5.07558434537835e-114,"15","Cntnap2"
"742",4.14340944295716e-116,2.26092863434746,0.541,0.188,8.30504988746333e-112,"15","Alk"
"743",5.70673594248284e-116,3.53519858228846,0.151,0.016,1.14385815231126e-111,"15","Scn1b"
"744",3.44064228638533e-109,3.85821285808677,0.1,0.007,6.89642339883076e-105,"15","Oprd1"
"745",4.28116415165552e-109,2.10184194503,0.555,0.204,8.58116542557833e-105,"15","Mef2c"
"746",1.67021831614496e-103,2.34537840874901,0.475,0.158,3.34778559288096e-99,"15","Zmat4"
"747",4.33114734364712e-102,2.66151365508995,0.265,0.053,8.68135173560629e-98,"15","Vwc2"
"748",7.70739008903462e-102,4.63605895787856,0.141,0.016,1.5448692694461e-97,"15","Cck"
"749",5.23986272173624e-98,1.28833272938476,0.914,0.73,1.05027808394481e-93,"15","Grik2"
"750",9.20093372192984e-98,1.25171187868748,0.914,0.737,1.84423515522362e-93,"15","Il1rapl1"
"751",1.51865612409902e-292,2.84320633695502,0.927,0.317,3.04399433514407e-288,"16","Foxp2"
"752",1.67680407719218e-226,2.22363461925968,0.982,0.557,3.360986092324e-222,"16","Sgcd"
"753",3.09353183337209e-180,2.35723651463716,0.678,0.194,6.20067520681102e-176,"16","Nell1"
"754",6.40056897081621e-177,1.71118265015023,0.982,0.597,1.2829300445104e-172,"16","Erbb4"
"755",1.41794997594192e-173,2.01156918515722,0.912,0.442,2.84213893177798e-169,"16","Ptprt"
"756",6.280294793562e-153,2.43075892362385,0.558,0.145,1.25882228842157e-148,"16","Shisa9"
"757",6.4485926294543e-151,2.31411562658114,0.705,0.245,1.29255590664782e-146,"16","Chrm2"
"758",2.36835972817813e-132,1.64334837056517,0.902,0.512,4.74714023916025e-128,"16","Rbms3"
"759",3.91259901186763e-119,1.48893478396531,0.902,0.499,7.84241345938747e-115,"16","Ncam2"
"760",5.27440560170704e-105,1.76275282008002,0.619,0.22,1.05720185880616e-100,"16","Gfra1"
"761",6.15439015130133e-102,2.6207280225562,0.273,0.051,1.23358596192684e-97,"16","Samd5"
"762",3.99781151947786e-96,1.99019931973795,0.485,0.151,8.01321340964143e-92,"16","Tmem132d"
"763",3.72086689152681e-95,2.82092383467879,0.216,0.034,7.45810559737633e-91,"16","9330158H04Rik"
"764",5.53950629301681e-90,1.30053326864612,0.809,0.411,1.11033864137229e-85,"16","Brinp3"
"765",5.95839368985643e-90,1.66825542461876,0.674,0.292,1.19430043119482e-85,"16","Tox"
"766",4.62017403778273e-88,1.37167043812072,0.937,0.746,9.26067684133171e-84,"16","Pde4d"
"767",8.36287020021338e-85,2.60299054292563,0.289,0.066,1.67625370293077e-80,"16","Adamts6"
"768",6.88397168328385e-83,1.96283031194403,0.44,0.139,1.37982328419741e-78,"16","Glra2"
"769",7.16537632932344e-83,2.09994563207837,0.462,0.155,1.43622803144959e-78,"16","Necab1"
"770",3.65414888711983e-81,2.30660690832543,0.287,0.065,7.32437602934298e-77,"16","Fbn2"
"771",4.32094496826854e-75,1.14134308972623,0.876,0.592,8.66090209439746e-71,"16","Spock3"
"772",2.93698310635956e-72,2.48205351123322,0.301,0.08,5.88688893838709e-68,"16","Slc1a3"
"773",1.89600552297157e-62,1.07085534309118,0.829,0.509,3.80035347024421e-58,"16","Zfp804a"
"774",9.57977439461676e-62,1.20405613290533,0.68,0.345,1.92016997965698e-57,"16","Fstl5"
"775",9.96034808702404e-58,1.29516275823331,0.637,0.325,1.9964521705631e-53,"16","Cdh7"
"776",3.28549960188966e-57,2.66804155366369,0.175,0.036,6.58545540202763e-53,"16","Sash1"
"777",1.54223286345817e-52,1.54335533261985,0.399,0.154,3.09125155151556e-48,"16","Olfm3"
"778",2.40581489181049e-51,1.05717915434844,0.784,0.52,4.82221536914494e-47,"16","Kcnh7"
"779",4.5134808729332e-49,1.28989954441912,0.591,0.313,9.0468210617073e-45,"16","Sphkap"
"780",4.04498640137164e-48,3.08965290483862,0.084,0.011,8.10777074290931e-44,"16","Vangl1"
"781",1.0358564257663e-47,3.4196134810151,0.065,0.007,2.07627061980597e-43,"16","C1ql3"
"782",1.64889696907523e-46,1.34811396065576,0.481,0.219,3.3050490848144e-42,"16","Plcl1"
"783",2.1824197767431e-46,2.06962560292246,0.193,0.049,4.37444220050387e-42,"16","Lncenc1"
"784",1.62275978375879e-39,2.69291622230272,0.104,0.019,3.25265971056612e-35,"16","Gpr149"
"785",3.08742028879826e-38,1.53476183720056,0.393,0.179,6.18842522686723e-34,"16","March3"
"786",1.93393747518043e-37,1.02866633046803,0.534,0.276,3.87638427525166e-33,"16","Plcxd3"
"787",4.05021448475461e-33,1.87842857793802,0.153,0.041,8.11824991324214e-29,"16","Plch1"
"788",1.7212963829521e-30,1.58777616831943,0.222,0.079,3.4501664699892e-26,"16","Cntnap3"
"789",3.07250183783713e-27,2.67881602525786,0.079,0.016,6.15852268376074e-23,"16","Rspo3"
"790",1.2688543927478e-26,1.25117924547968,0.322,0.149,2.54329174482369e-22,"16","Iqgap2"
"791",6.64486119293848e-26,1.04829911411482,0.589,0.399,1.33189597751259e-21,"16","Cpne4"
"792",2.33538487270591e-24,1.0536494964469,0.407,0.222,4.68104543885173e-20,"16","Apba1"
"793",2.17279797735038e-23,1.75902889431618,0.21,0.084,4.35515626580111e-19,"16","Stk31"
"794",1.15824163693423e-22,1.17293116355802,0.222,0.091,2.32157953707097e-18,"16","Tmtc2"
"795",1.18676113916472e-22,1.02801008697692,0.352,0.182,2.37874402734176e-18,"16","D430041D05Rik"
"796",1.23302069571746e-22,1.4442199889577,0.218,0.09,2.47146668249607e-18,"16","Tmem178"
"797",1.43990987198873e-22,1.34003040672448,0.2,0.078,2.88615534741421e-18,"16","Megf11"
"798",3.5213569907825e-22,1.25283238059323,0.267,0.123,7.05820795232444e-18,"16","Nell2"
"799",2.02337838184083e-21,2.78218356039981,0.051,0.009,4.05565962856175e-17,"16","Mdfic"
"800",2.68766305845419e-21,2.90631986041191,0.043,0.006,5.38715183436557e-17,"16","Cpne9"
"801",2.04158772484541e-200,2.573680966426,0.84,0.234,4.09215843568014e-196,"17","Cpa6"
"802",8.65618945669043e-111,3.27550659889618,0.272,0.038,1.73504661469903e-106,"17","Pappa"
"803",3.02117578069306e-99,1.26987277884085,0.965,0.639,6.05564473482118e-95,"17","Galntl6"
"804",1.53979908382739e-97,1.55115970489959,0.867,0.414,3.08637328362362e-93,"17","Htr2c"
"805",2.18874595681679e-88,1.34175222524873,0.94,0.624,4.38712239584357e-84,"17","Dmd"
"806",4.80898499990862e-87,1.05824099996404,0.992,0.831,9.63912953381683e-83,"17","Epha6"
"807",4.3930763716062e-84,1.50571358696567,0.783,0.346,8.80548227924747e-80,"17","Pbx3"
"808",7.14929576519597e-75,1.14253819775009,0.918,0.561,1.43300484317588e-70,"17","Sgcd"
"809",9.95562071648766e-74,1.1073955702109,0.967,0.717,1.99550461641279e-69,"17","March1"
"810",6.73910001900434e-68,1.06833828254254,0.943,0.67,1.35078520780923e-63,"17","Prkg1"
"811",2.07817154557254e-65,1.29576831835556,0.793,0.406,4.16548704594561e-61,"17","Gpc6"
"812",3.27868608489744e-64,1.51559649706836,0.72,0.341,6.57179838856842e-60,"17","A330008L17Rik"
"813",2.91123322449408e-63,1.51447199074251,0.682,0.313,5.83527587517594e-59,"17","Sphkap"
"814",3.0431871164796e-60,2.22730201832974,0.283,0.066,6.0997642562717e-56,"17","Rarb"
"815",5.61555549006409e-57,1.6162585034139,0.416,0.134,1.12558194242845e-52,"17","Sst"
"816",2.6903590159967e-51,1.64897243044569,0.432,0.15,5.39255561166378e-47,"17","Ptchd1"
"817",4.21638442083364e-51,1.35514282208457,0.666,0.328,8.45132093311895e-47,"17","Sorcs3"
"818",1.97832927196194e-49,1.65699308610405,0.465,0.176,3.96536319272051e-45,"17","Sv2c"
"819",1.2252380511872e-48,1.29576402032869,0.655,0.322,2.45586714979963e-44,"17","Edil3"
"820",3.36231353483865e-45,1.10162267844901,0.745,0.418,6.7394212492306e-41,"17","Epha3"
"821",7.77433622250869e-42,2.08742550064615,0.299,0.094,1.55828795243964e-37,"17","Wls"
"822",8.98591020429981e-39,1.62929224271525,0.302,0.097,1.80113584134985e-34,"17","Ablim1"
"823",9.44734623097436e-37,1.15043794886198,0.62,0.325,1.8936260785365e-32,"17","Plxdc2"
"824",1.48986217084889e-36,1.01869527157823,0.679,0.385,2.98627973524951e-32,"17","Sema5a"
"825",1.87312466424685e-35,1.44611884743351,0.345,0.126,3.75449107701638e-31,"17","Zfp536"
"826",1.21162389328616e-33,2.78816941725775,0.084,0.012,2.42857893170278e-29,"17","Tns1"
"827",2.28611760170047e-33,1.24812792749311,0.489,0.236,4.58229412084842e-29,"17","Nfia"
"828",2.56370060926331e-33,1.21155993082278,0.549,0.285,5.13868150120738e-29,"17","Gm15155"
"829",1.19739889584348e-31,2.56279579355521,0.125,0.026,2.40006634682867e-27,"17","Otx2os1"
"830",8.60090352853666e-31,1.32993807042595,0.435,0.2,1.72396510325989e-26,"17","Dock9"
"831",9.06908042163238e-31,1.03476487795856,0.56,0.291,1.817806479712e-26,"17","Cntn6"
"832",1.69948930413585e-30,1.01744982150697,0.63,0.353,3.40645636120989e-26,"17","Ankfn1"
"833",2.65732139141733e-30,1.05646086932889,0.557,0.287,5.32633499695689e-26,"17","Zfp521"
"834",3.67073190837303e-30,1.05491335145214,0.617,0.355,7.3576150371429e-26,"17","Ano4"
"835",2.27127238174391e-28,1.22435658945556,0.334,0.135,4.55253836196749e-24,"17","Reln"
"836",9.79954289354747e-28,1.7238816730832,0.204,0.063,1.96422037758265e-23,"17","Tll1"
"837",1.45631399230471e-27,1.98187754253362,0.196,0.06,2.91903576617557e-23,"17","P3h2"
"838",1.87025081644575e-27,1.08814005003782,0.364,0.153,3.74873073648386e-23,"17","Elavl2"
"839",1.06373993087475e-26,1.60005459879973,0.296,0.118,2.13216031744534e-22,"17","Mei4"
"840",2.51396579074921e-26,1.0068540620972,0.571,0.33,5.03899303097771e-22,"17","Trps1"
"841",2.982246960031e-26,1.35175826718634,0.372,0.167,5.97761580668613e-22,"17","Col23a1"
"842",1.05090337013254e-24,2.14605200653074,0.25,0.095,2.10643071509367e-20,"17","Slc2a12"
"843",1.41426782354991e-24,1.23415651272981,0.378,0.174,2.83475842552343e-20,"17","Htr7"
"844",1.54556541042472e-23,1.42661570130135,0.261,0.102,3.0979313086553e-19,"17","Cxcl14"
"845",1.80665209359407e-23,1.10384631671211,0.47,0.252,3.62125345639995e-19,"17","Lrrc16a"
"846",8.67104154247418e-23,1.36575894649566,0.223,0.081,1.73802356677352e-18,"17","Ndst4"
"847",1.15333929730799e-22,1.85855874514915,0.163,0.05,2.31175328752414e-18,"17","Enpp1"
"848",1.63208830773917e-21,1.95230875337728,0.147,0.044,3.27135780403239e-17,"17","Sema3e"
"849",2.8464424601511e-21,1.24073886062874,0.326,0.15,5.70540926712686e-17,"17","Iqgap2"
"850",3.79725176666009e-21,1.6202032688535,0.207,0.075,7.61121144109349e-17,"17","Il1rap"
"851",1.94031054351113e-274,3.70200860194089,0.621,0.088,3.8891584534137e-270,"18","Stxbp6"
"852",3.54871202612636e-241,3.51752327731053,0.953,0.366,7.11303838516769e-237,"18","Gpc5"
"853",1.57300697343676e-173,2.62618056380274,0.937,0.445,3.15293517755665e-169,"18","Ptprt"
"854",3.63992735315498e-168,2.40311314298856,0.953,0.492,7.29587038666384e-164,"18","Rora"
"855",1.2895797790989e-164,2.02955779014231,0.997,0.581,2.58483370922583e-160,"18","Nxph1"
"856",2.00849679768956e-153,2.33618935307786,0.846,0.292,4.02583098128894e-149,"18","Tox"
"857",3.85367783958593e-133,1.83033235245619,0.97,0.612,7.72431186166603e-129,"18","Cntn4"
"858",5.15060245749505e-128,2.4299770807454,0.615,0.163,1.03238675658031e-123,"18","Grik1"
"859",2.00426738041379e-121,1.56034076274699,0.97,0.746,4.0173535373014e-117,"18","Pde4d"
"860",7.52355939958678e-121,1.16704823388455,1,0.956,1.50802224605317e-116,"18","Nrg3"
"861",7.71014889886192e-107,2.35405254758607,0.621,0.197,1.54542224528788e-102,"18","Lmo4"
"862",9.22671311980876e-103,3.72928465721903,0.14,0.011,1.84940237773447e-98,"18","Oprk1"
"863",5.75225782831666e-99,1.6140911765906,0.934,0.645,1.15298255910779e-94,"18","Mllt3"
"864",1.28601365121774e-86,2.20381303590867,0.893,0.641,2.57768576250084e-82,"18","Galntl6"
"865",3.58867520068064e-80,1.5161392674265,0.909,0.6,7.19314057224428e-76,"18","Erbb4"
"866",1.23751794373189e-75,3.21299752387773,0.173,0.022,2.48048096641619e-71,"18","Ppfibp1"
"867",2.07662540191135e-74,2.63862673182164,0.266,0.05,4.16238795559112e-70,"18","Plpp4"
"868",7.56649028439574e-73,2.34734412830037,0.352,0.084,1.51662731260428e-68,"18","Frmd4b"
"869",7.92968619802431e-63,1.0688668786456,0.964,0.869,1.58942630153199e-58,"18","Gabrb1"
"870",1.21628292157252e-62,1.26585794139785,0.879,0.642,2.43791748799997e-58,"18","Focad"
"871",4.43880605467238e-62,1.89249799483587,0.53,0.198,8.89714285598532e-58,"18","Pcdh10"
"872",3.70455096943878e-60,1.26928369741113,0.86,0.581,7.4254019631431e-56,"18","Shisa6"
"873",3.43845938516858e-57,1.52145678028504,0.753,0.407,6.89204799163191e-53,"18","Gpc6"
"874",7.07462059048539e-55,2.61460257025882,0.181,0.032,1.41803695115689e-50,"18","Slc7a5"
"875",4.03761124132025e-52,1.73878756812335,0.464,0.169,8.09298797210232e-48,"18","Man2a1"
"876",3.00670695410336e-51,1.4052694222028,0.775,0.532,6.02664341880478e-47,"18","Asic2"
"877",2.63747577892834e-50,1.19683000944172,0.857,0.583,5.28655645128397e-46,"18","Kirrel3"
"878",8.00322251373674e-49,1.30679626531894,0.766,0.472,1.60416592065339e-44,"18","Tmeff2"
"879",3.98412023163188e-48,1.67475895343344,0.519,0.222,7.98577059228293e-44,"18","Gm29478"
"880",3.06429759443368e-47,3.29664977925278,0.121,0.017,6.14207809828287e-43,"18","Dab2"
"881",5.57760951793753e-46,1.2996546331722,0.775,0.477,1.1179760517754e-41,"18","Kcnt2"
"882",1.70169102681904e-45,2.40415512651925,0.234,0.057,3.41086949415607e-41,"18","Etv1"
"883",4.91803759986553e-45,1.65206576848749,0.464,0.185,9.85771456517047e-41,"18","Itpr1"
"884",9.44245527984477e-45,2.24704446675631,0.297,0.088,1.89264573629209e-40,"18","Sh3d19"
"885",1.48056852460092e-41,1.93748649325974,0.343,0.118,2.96765155071009e-37,"18","Kcnh5"
"886",6.33850998178197e-41,3.02803642974029,0.091,0.011,1.27049094074838e-36,"18","Atf5"
"887",7.47594485011128e-41,6.6776518888037,0.014,0,1.4984783857563e-36,"18","Plac1"
"888",2.74534940668078e-40,1.30254078143128,0.593,0.291,5.50277835075096e-36,"18","Cntn6"
"889",6.69227198824393e-40,1.75240114852352,0.42,0.168,1.34139899732361e-35,"18","Nrp2"
"890",1.41187422414478e-39,2.02987790534915,0.225,0.059,2.8299606948758e-35,"18","Synm"
"891",1.99247854875582e-39,1.30778695557427,0.599,0.313,3.99372400312616e-35,"18","Dab1"
"892",2.52455669990827e-39,1.43659562320222,0.596,0.311,5.06022144929613e-35,"18","Gpm6b"
"893",5.3913045555348e-38,1.27558891548237,0.662,0.379,1.0806330851114e-33,"18","Pdzd2"
"894",6.25324978844861e-37,1.94860394698103,0.299,0.101,1.25340138759664e-32,"18","Dlgap3"
"895",2.8760107660468e-36,6.35572379391634,0.014,0,5.7646759794642e-32,"18","Naip5"
"896",1.73909120490673e-35,1.5162446688031,0.558,0.304,3.48583441111506e-31,"18","Acaca"
"897",3.93844138082158e-35,3.23367234620245,0.074,0.009,7.89421190371877e-31,"18","Rgs8"
"898",1.84786418415583e-34,1.16254504318514,0.615,0.327,3.70385897072195e-30,"18","Cdh7"
"899",9.67708435360903e-34,1.81416585934436,0.19,0.049,1.93967478783739e-29,"18","Kcnmb2"
"900",4.49625107794362e-33,2.52278049560021,0.148,0.033,9.01228566063019e-29,"18","Sel1l3"
"901",0,5.35417600269111,0.237,0.006,0,"19","Pax6"
"902",3.81811523749099e-194,2.70447842457987,0.994,0.446,7.65303018202695e-190,"19","Egfem1"
"903",1.84443858084533e-193,3.85652661475224,0.332,0.03,3.69699269144637e-189,"19","Sel1l3"
"904",5.7249722043118e-189,2.94152573164361,0.775,0.188,1.14751342863226e-184,"19","Alk"
"905",3.53614672868146e-186,3.52691133863304,0.403,0.046,7.08785250296912e-182,"19","Dpf3"
"906",1.6669821685036e-182,2.83563472827815,0.714,0.153,3.34129905854862e-178,"19","Necab1"
"907",2.413006191687e-176,2.60679001506922,1,0.693,4.83662961061741e-172,"19","Kcnip4"
"908",1.51236248291789e-144,4.28219211916914,0.185,0.012,3.03137936076063e-140,"19","Otof"
"909",5.12917331791735e-133,2.0652816454197,0.908,0.385,1.02809149984335e-128,"19","Tcf4"
"910",1.79393993749743e-132,2.11244855813738,0.966,0.67,3.59577321071985e-128,"19","Prkg1"
"911",2.72429439504934e-131,2.17247033813987,0.889,0.369,5.46057568543689e-127,"19","Inpp4b"
"912",8.74729096602796e-130,3.87862698964092,0.366,0.055,1.75330700123064e-125,"19","Rmst"
"913",1.03935227782984e-125,1.97443882242789,0.951,0.512,2.08327770568214e-121,"19","Trhde"
"914",1.22638867080933e-115,2.19537908697788,0.745,0.255,2.45817345177022e-111,"19","Cacna2d3"
"915",2.80397170433094e-114,1.44219339168467,0.991,0.796,5.62028088416093e-110,"19","Lrrc4c"
"916",1.95141944048883e-113,2.35675454679288,0.68,0.206,3.9114251265158e-109,"19","Mef2c"
"917",1.28635804776051e-112,3.43498508125745,0.298,0.041,2.57837607093117e-108,"19","Tmem132c"
"918",6.67530633358515e-112,3.36324602103429,0.274,0.035,1.33799840150381e-107,"19","Syt6"
"919",3.25921065207315e-110,3.39733976691254,0.28,0.037,6.53276183101543e-106,"19","A330102I10Rik"
"920",1.21591304791384e-109,1.48115535330875,0.991,0.785,2.4371761132385e-105,"19","Cdh18"
"921",8.67849508730755e-107,2.1233047897587,0.818,0.345,1.73951755529993e-102,"19","Fstl5"
"922",9.87867260132246e-103,3.73242951787708,0.178,0.016,1.98008113620907e-98,"19","Scube1"
"923",2.23051139301334e-100,2.6009737902879,0.468,0.106,4.47083703615595e-96,"19","Prr16"
"924",2.39624205579079e-99,1.2952571759498,0.997,0.858,4.80302757662705e-95,"19","Grm7"
"925",4.20458914483402e-99,1.69761276950901,0.926,0.5,8.4276784819053e-95,"19","Prkca"
"926",6.87720132601539e-87,1.17032198586787,1,0.996,1.37846623378653e-82,"19","Lsamp"
"927",2.41996259892059e-85,1.85791809280881,0.831,0.434,4.85057303327643e-81,"19","Ncald"
"928",7.86699362272783e-83,2.01490140343237,0.8,0.398,1.57686020173957e-78,"19","Cpne4"
"929",3.11753612941112e-82,2.41808054150318,0.572,0.187,6.24878941779164e-78,"19","Cadps2"
"930",6.14456410754181e-78,1.84218137396312,0.769,0.353,1.23161642971568e-73,"19","Cdh10"
"931",2.02598871497807e-71,2.21666864672049,0.591,0.217,4.06089178030204e-67,"19","Pcdh11x"
"932",2.12491987046527e-68,1.38531595637917,0.926,0.649,4.25918938836058e-64,"19","Lhfpl3"
"933",1.55901759211243e-65,3.30463181571675,0.126,0.013,3.12489486163015e-61,"19","Syt17"
"934",3.03006930567566e-65,2.02733808954664,0.44,0.125,6.07347091629629e-61,"19","Zfp536"
"935",7.3697595232732e-62,1.30191337456379,0.935,0.613,1.47719459884488e-57,"19","Cntn4"
"936",2.05514872382924e-60,1.85804212889454,0.683,0.331,4.11934010204333e-56,"19","Chsy3"
"937",4.85228519787013e-57,1.4607563242059,0.806,0.503,9.72592045061088e-53,"19","5730522E02Rik"
"938",8.91039263347134e-57,1.36084939241457,0.837,0.556,1.785999099453e-52,"19","Rapgef4"
"939",1.83778257138835e-56,1.44182260077061,0.778,0.414,3.6836513860908e-52,"19","Brinp3"
"940",1.60292928989407e-55,1.52229741990411,0.772,0.428,3.21291146866368e-51,"19","Grin2a"
"941",3.88829678438233e-53,1.30225680276631,0.818,0.485,7.79370207461594e-49,"19","Hs6st3"
"942",1.06171316604556e-52,2.47249798653095,0.268,0.061,2.12809787002172e-48,"19","Ntn4"
"943",3.70332105958022e-52,1.89316126632567,0.418,0.134,7.4229367318226e-48,"19","Reln"
"944",9.37877664599377e-52,1.35731454868243,0.806,0.495,1.87988199092299e-47,"19","Rora"
"945",1.53182303047511e-51,1.46998328696788,0.742,0.418,3.07038608228431e-47,"19","Klhl29"
"946",3.46593998453188e-50,1.38013128778004,0.775,0.453,6.94713010499569e-46,"19","Robo1"
"947",4.36705825761423e-48,1.35667616335685,0.665,0.312,8.75333157156196e-44,"19","Dab1"
"948",4.44988541252413e-48,1.59379620085093,0.609,0.272,8.91935032086337e-44,"19","Neto1"
"949",7.88970618658495e-45,1.68803539851862,0.542,0.234,1.58141270803909e-40,"19","Gabrg1"
"950",3.44627123364711e-37,1.53850141443571,0.443,0.176,6.90770606072226e-33,"19","Pde8b"
"951",0,7.48247245417726,0.493,0.005,0,"20","Spp1"
"952",2.0018833257885e-194,4.73592751124776,0.753,0.042,4.01257493821046e-190,"20","Col11a1"
"953",1.27915834576639e-130,9.79281257478941,0.027,0,2.56394498825414e-126,"20","1700041M05Rik"
"954",3.61535913230898e-126,4.33254046964952,0.685,0.053,7.24662584480013e-122,"20","Samd5"
"955",3.41900231437252e-94,4.50953079730229,0.918,0.157,6.85304823892827e-90,"20","Olfm3"
"956",4.65339186063004e-92,4.80047427649747,0.384,0.023,9.32725864544686e-88,"20","Six3"
"957",2.97139623337022e-90,4.29318212786801,0.479,0.036,5.95586661016727e-86,"20","Ecel1"
"958",1.05457323911437e-70,4.36678714840704,1,0.302,2.11378660048085e-66,"20","Zfp804b"
"959",2.92991851023027e-66,9.20785007406825,0.014,0,5.87272866190555e-62,"20","Gm2245"
"960",2.92991851023027e-66,9.20785007406825,0.014,0,5.87272866190555e-62,"20","Gm8104"
"961",2.92991851023027e-66,9.20785007406825,0.014,0,5.87272866190555e-62,"20","Tubb6"
"962",7.76280065655979e-66,8.20785007406825,0.027,0,1.55597576360084e-61,"20","Vav1"
"963",2.9821694518426e-58,3.23701709596858,0.795,0.16,5.97746044927332e-54,"20","Necab1"
"964",4.10977242708478e-57,3.58894024142376,0.397,0.038,8.23762785284872e-53,"20","Sash1"
"965",4.09586760538337e-53,3.61458825012861,0.466,0.056,8.20975702823043e-49,"20","Dpy19l1"
"966",1.3031835819268e-51,3.45296257190478,0.479,0.061,2.61210117161407e-47,"20","Btbd11"
"967",1.3220301142285e-51,3.32071978379179,1,0.591,2.64987716095961e-47,"20","Tenm3"
"968",6.25222051579149e-50,4.62288757334709,0.164,0.008,1.25319508018525e-45,"20","Gm9930"
"969",6.34916041460573e-49,2.96046041808192,0.918,0.329,1.27262571350357e-44,"20","Foxp2"
"970",1.77963107146275e-48,2.60581405998815,0.781,0.166,3.56709251963994e-44,"20","Clstn2"
"971",4.5451984381341e-47,2.77944228433207,1,0.604,9.11039574939598e-43,"20","Erbb4"
"972",8.46715577240463e-47,4.51668816951517,0.151,0.007,1.69715670302078e-42,"20","Pth1r"
"973",1.57113823549653e-46,3.47679218795129,0.411,0.049,3.14918947922924e-42,"20","Nox4"
"974",4.84458227761487e-45,3.04602037666116,0.685,0.142,9.71048071725124e-41,"20","Pde3a"
"975",7.05488072687795e-41,3.21005098226152,0.521,0.089,1.41408029289542e-36,"20","Nwd2"
"976",8.20380653625865e-41,3.16908782278913,0.507,0.083,1.64437098212768e-36,"20","Hip1"
"977",1.14878436109047e-38,2.33159414915567,0.986,0.652,2.30262337336975e-34,"20","Slc24a3"
"978",4.17969476005913e-38,2.20360700249165,0.973,0.546,8.37778017706251e-34,"20","Tenm1"
"979",7.62198755944471e-38,2.46962569346769,0.863,0.299,1.5277511864151e-33,"20","Msi2"
"980",4.55854250060206e-37,4.08811082979415,0.151,0.009,9.13714258820677e-33,"20","Igf1"
"981",1.55782149056726e-34,1.66017514619248,1,0.936,3.12249739569302e-30,"20","Sntg1"
"982",3.22520058493911e-34,2.02977366987864,0.973,0.519,6.46459205245195e-30,"20","Rbms3"
"983",7.19415473577251e-34,2.0973603037919,0.973,0.587,1.44199637523824e-29,"20","Nxph1"
"984",8.5467115570407e-34,8.20785007406825,0.014,0,1.71310286449324e-29,"20","Gm26671"
"985",8.5467115570407e-34,8.20785007406825,0.014,0,1.71310286449324e-29,"20","Slc5a8"
"986",1.08107091094851e-33,2.34135901357563,0.685,0.17,2.1668985339052e-29,"20","Tmem163"
"987",2.01966779437907e-32,2.77280494279016,0.562,0.121,4.04822212705341e-28,"20","Srrm4"
"988",2.8541423970663e-32,1.85883175591003,0.986,0.649,5.72084302067969e-28,"20","Ntm"
"989",6.32047980397949e-32,2.23858919367506,0.74,0.203,1.26687697190965e-27,"20","Nell1"
"990",1.53280918305586e-30,2.36958488587301,0.658,0.171,3.07236272651717e-26,"20","Nrp2"
"991",1.89542523677023e-28,2.03004299015937,0.863,0.358,3.79919034458225e-24,"20","Ano4"
"992",7.25561275078284e-28,2.49943502093942,0.836,0.402,1.45431501976691e-23,"20","Cdh12"
"993",2.11247609837101e-27,2.03631958994191,0.945,0.548,4.23424709157484e-23,"20","Cntn3"
"994",7.36083009744661e-27,6.62288757334709,0.027,0,1.4754047847322e-22,"20","B9d1os"
"995",7.99248671361228e-27,3.18020731899912,0.233,0.027,1.60201403687644e-22,"20","Fam163a"
"996",1.81820220810182e-26,1.75378864869231,0.973,0.7,3.6444045059193e-22,"20","Sorcs1"
"997",2.67393373447264e-26,2.56369335413081,0.589,0.16,5.35963277737696e-22,"20","B4galnt2"
"998",3.60708425659053e-26,2.3280586712436,0.658,0.199,7.23003968391007e-22,"20","Pitpnc1"
"999",2.41352121322176e-25,1.49322617512366,0.973,0.749,4.83766191978169e-21,"20","Pde4d"
"1000",2.75935205140361e-25,2.06849936071309,0.699,0.225,5.5308452518334e-21,"20","Apba1"
